destination_id,destination_province,"max_AGRICULTURA, GANADERÍA, CAZA Y SILVICULTURA",max_COMERCIO,max_EXPLOTACIÓN DE MINAS Y CANTERAS,max_INDUSTRIA MANUFACTURERA,max_TRANSPORTE Y COMUNICACIONES,max_total_tons,"min_AGRICULTURA, GANADERÍA, CAZA Y SILVICULTURA",min_COMERCIO,min_EXPLOTACIÓN DE MINAS Y CANTERAS,min_INDUSTRIA MANUFACTURERA,min_TRANSPORTE Y COMUNICACIONES,min_total_tons,origin_id,origin_province
railn_1289,Santa Fe,3240.0,0.0,0.0,0.0,0.0,3240.0,2611.0,0.0,0.0,0.0,0.0,2611.0,railn_1007,Santa Fe
railn_1946,Santa Fe,3984.0,0.0,0.0,0.0,0.0,3984.0,3297.0,0.0,0.0,0.0,0.0,3297.0,railn_1007,Santa Fe
railn_1010,Santa Fe,0.0,0.0,0.0,150.0,0.0,150.0,0.0,0.0,0.0,150.0,0.0,150.0,railn_1008,Santa Fe
railn_1289,Santa Fe,973.0,0.0,0.0,0.0,0.0,973.0,973.0,0.0,0.0,0.0,0.0,973.0,railn_1025,Tucumán
railn_1849,Ciudad Autónoma de Buenos Aires,650.0,0.0,0.0,0.0,0.0,650.0,138.0,0.0,0.0,0.0,0.0,138.0,railn_1043,Jujuy
railn_1069,Chaco,0.0,0.0,0.0,542.0,0.0,542.0,0.0,0.0,0.0,520.0,0.0,520.0,railn_1052,Jujuy
railn_1262,Tucumán,0.0,0.0,0.0,540.0,0.0,540.0,0.0,0.0,0.0,451.0,0.0,451.0,railn_1052,Jujuy
railn_1923,Buenos Aires,594.0,0.0,0.0,0.0,0.0,594.0,110.0,0.0,0.0,0.0,0.0,110.0,railn_1055,Tucumán
railn_1963,Santiago del Estero,0.0,118.0,0.0,0.0,0.0,118.0,0.0,118.0,0.0,0.0,0.0,118.0,railn_1055,Tucumán
railn_2285,Santa Fe,0.0,113.5,0.0,0.0,0.0,113.5,0.0,113.5,0.0,0.0,0.0,113.5,railn_1055,Tucumán
railn_230,Santa Fe,0.0,590.0,0.0,0.0,0.0,590.0,0.0,206.5,0.0,0.0,0.0,206.5,railn_1055,Tucumán
railn_432,Buenos Aires,591.3,3757.0,0.0,0.0,0.0,4348.3,59.4,582.0,0.0,0.0,0.0,641.4,railn_1055,Tucumán
railn_881,Ciudad Autónoma de Buenos Aires,0.0,978.5,0.0,829.4599999999999,0.0,1807.96,0.0,311.0,0.0,756.05,0.0,1067.05,railn_1055,Tucumán
railn_1060,Jujuy,0.0,0.0,0.0,518.0,0.0,518.0,0.0,0.0,0.0,225.0,0.0,225.0,railn_1069,Chaco
railn_1201,Santa Fe,261.0,0.0,0.0,0.0,0.0,261.0,204.0,0.0,0.0,0.0,0.0,204.0,railn_1069,Chaco
railn_1849,Ciudad Autónoma de Buenos Aires,717.0,0.0,0.0,238.0,0.0,955.0,206.0,0.0,0.0,142.0,0.0,348.0,railn_1069,Chaco
railn_1682,Buenos Aires,3170.58,0.0,0.0,0.0,0.0,3170.58,439.69,0.0,0.0,0.0,0.0,439.69,railn_109,La Pampa
railn_1289,Santa Fe,1052.0,0.0,0.0,0.0,0.0,1052.0,1052.0,0.0,0.0,0.0,0.0,1052.0,railn_1099,Chaco
railn_1289,Santa Fe,4813.0,0.0,0.0,0.0,0.0,4813.0,3206.0,0.0,0.0,0.0,0.0,3206.0,railn_1103,Chaco
railn_1335,Chaco,0.0,0.0,0.0,30.0,0.0,30.0,0.0,0.0,0.0,30.0,0.0,30.0,railn_1103,Chaco
railn_1371,Salta,0.0,0.0,0.0,350.0,0.0,350.0,0.0,0.0,0.0,350.0,0.0,350.0,railn_1103,Chaco
railn_1289,Santa Fe,1302.0,0.0,0.0,0.0,0.0,1302.0,965.0,0.0,0.0,0.0,0.0,965.0,railn_1104,Salta
railn_1946,Santa Fe,1070.0,0.0,0.0,0.0,0.0,1070.0,1070.0,0.0,0.0,0.0,0.0,1070.0,railn_1104,Salta
railn_1289,Santa Fe,2581.0,0.0,0.0,0.0,0.0,2581.0,1613.0,0.0,0.0,0.0,0.0,1613.0,railn_1105,Salta
railn_1946,Santa Fe,1320.0,0.0,0.0,0.0,0.0,1320.0,1320.0,0.0,0.0,0.0,0.0,1320.0,railn_1105,Salta
railn_1289,Santa Fe,2345.0,0.0,0.0,0.0,0.0,2345.0,2229.0,0.0,0.0,0.0,0.0,2229.0,railn_1106,Salta
railn_1203,Santa Fe,0.0,0.0,0.0,150.0,0.0,150.0,0.0,0.0,0.0,150.0,0.0,150.0,railn_1107,Salta
railn_1371,Salta,0.0,0.0,0.0,465.0,0.0,465.0,0.0,0.0,0.0,465.0,0.0,465.0,railn_1108,Chaco
railn_1203,Santa Fe,0.0,0.0,0.0,720.0,0.0,720.0,0.0,0.0,0.0,303.0,0.0,303.0,railn_1112,Santiago del Estero
railn_1205,Santa Fe,557.0,0.0,0.0,0.0,0.0,557.0,472.0,0.0,0.0,0.0,0.0,472.0,railn_1117,Jujuy
railn_1849,Ciudad Autónoma de Buenos Aires,1077.0,0.0,0.0,0.0,0.0,1077.0,472.0,0.0,0.0,0.0,0.0,472.0,railn_1117,Jujuy
railn_995,Mendoza,534.0,0.0,0.0,0.0,0.0,534.0,467.0,0.0,0.0,0.0,0.0,467.0,railn_1117,Jujuy
railn_1939,Buenos Aires,0.0,0.0,2028.98,0.0,0.0,2028.98,0.0,0.0,1483.54,0.0,0.0,1483.54,railn_112,Córdoba
railn_1178,Buenos Aires,0.0,0.0,0.0,473.0,0.0,473.0,0.0,0.0,0.0,444.0,0.0,444.0,railn_1121,Salta
railn_1849,Ciudad Autónoma de Buenos Aires,553.0,0.0,0.0,0.0,0.0,553.0,46.0,0.0,0.0,0.0,0.0,46.0,railn_1141,Salta
railn_1137,Salta,0.0,0.0,0.0,780.0,0.0,780.0,0.0,0.0,0.0,780.0,0.0,780.0,railn_1142,Salta
railn_1201,Santa Fe,1200.0,0.0,0.0,0.0,0.0,1200.0,498.0,0.0,0.0,0.0,0.0,498.0,railn_1150,Salta
railn_1289,Santa Fe,1387.0,0.0,0.0,0.0,0.0,1387.0,1115.0,0.0,0.0,0.0,0.0,1115.0,railn_1150,Salta
railn_1946,Santa Fe,1302.0,0.0,0.0,0.0,0.0,1302.0,916.0,0.0,0.0,0.0,0.0,916.0,railn_1150,Salta
railn_766,Santiago del Estero,1605.0,0.0,0.0,0.0,0.0,1605.0,424.0,0.0,0.0,0.0,0.0,424.0,railn_1150,Salta
railn_1289,Santa Fe,2399.0,0.0,0.0,0.0,0.0,2399.0,2220.0,0.0,0.0,0.0,0.0,2220.0,railn_1152,Salta
railn_1946,Santa Fe,1175.0,0.0,0.0,0.0,0.0,1175.0,1124.0,0.0,0.0,0.0,0.0,1124.0,railn_1152,Salta
railn_1832,Buenos Aires,520.0,0.0,0.0,0.0,0.0,520.0,520.0,0.0,0.0,0.0,0.0,520.0,railn_1184,Salta
railn_1386,Santa Fe,6326.280000000001,0.0,0.0,0.0,0.0,6326.280000000001,3926.26,0.0,0.0,0.0,0.0,3926.26,railn_120,Buenos Aires
railn_1682,Buenos Aires,7427.26,0.0,0.0,0.0,0.0,7427.26,2840.2,0.0,0.0,0.0,0.0,2840.2,railn_120,Buenos Aires
railn_1069,Chaco,0.0,0.0,0.0,260.0,0.0,260.0,0.0,0.0,0.0,200.0,0.0,200.0,railn_1201,Santa Fe
railn_1289,Santa Fe,1197.0,0.0,0.0,0.0,0.0,1197.0,1197.0,0.0,0.0,0.0,0.0,1197.0,railn_1201,Santa Fe
railn_1207,Santa Fe,0.0,0.0,750.0,0.0,0.0,750.0,0.0,0.0,750.0,0.0,0.0,750.0,railn_1203,Santa Fe
railn_1946,Santa Fe,1068.0,0.0,0.0,0.0,0.0,1068.0,1068.0,0.0,0.0,0.0,0.0,1068.0,railn_1203,Santa Fe
railn_1203,Santa Fe,0.0,0.0,750.0,0.0,0.0,750.0,0.0,0.0,750.0,0.0,0.0,750.0,railn_1207,Santa Fe
railn_1386,Santa Fe,4073.15,0.0,0.0,0.0,0.0,4073.15,1711.79,0.0,0.0,0.0,0.0,1711.79,railn_122,Buenos Aires
railn_1682,Buenos Aires,4583.34,0.0,0.0,0.0,0.0,4583.34,1237.34,0.0,0.0,0.0,0.0,1237.34,railn_122,Buenos Aires
railn_1289,Santa Fe,2061.0,0.0,0.0,0.0,0.0,2061.0,1896.0,0.0,0.0,0.0,0.0,1896.0,railn_1236,Catamarca
railn_1946,Santa Fe,1987.0,0.0,0.0,0.0,0.0,1987.0,1739.0,0.0,0.0,0.0,0.0,1739.0,railn_1236,Catamarca
railn_1386,Santa Fe,967.04,0.0,0.0,0.0,0.0,967.04,967.04,0.0,0.0,0.0,0.0,967.04,railn_124,Buenos Aires
railn_1682,Buenos Aires,519.18,0.0,0.0,0.0,0.0,519.18,250.82,0.0,0.0,0.0,0.0,250.82,railn_124,Buenos Aires
railn_1182,Buenos Aires,0.0,0.0,300.0,0.0,0.0,300.0,0.0,0.0,300.0,0.0,0.0,300.0,railn_1258,Córdoba
railn_1207,Santa Fe,0.0,0.0,750.0,0.0,0.0,750.0,0.0,0.0,750.0,0.0,0.0,750.0,railn_1258,Córdoba
railn_1289,Santa Fe,1302.0,0.0,0.0,0.0,0.0,1302.0,1200.0,0.0,0.0,0.0,0.0,1200.0,railn_1258,Córdoba
railn_1946,Santa Fe,1317.0,0.0,0.0,0.0,0.0,1317.0,1317.0,0.0,0.0,0.0,0.0,1317.0,railn_1258,Córdoba
railn_2285,Santa Fe,3041.38,0.0,0.0,0.0,0.0,3041.38,3041.38,0.0,0.0,0.0,0.0,3041.38,railn_126,Córdoba
railn_1289,Santa Fe,5861.0,0.0,0.0,0.0,0.0,5861.0,3859.0,0.0,0.0,0.0,0.0,3859.0,railn_1263,Córdoba
railn_1946,Santa Fe,2664.0,0.0,0.0,0.0,0.0,2664.0,2429.0,0.0,0.0,0.0,0.0,2429.0,railn_1263,Córdoba
railn_1849,Ciudad Autónoma de Buenos Aires,701.0,0.0,0.0,0.0,0.0,701.0,701.0,0.0,0.0,0.0,0.0,701.0,railn_1269,Tucumán
railn_1929,Santa Fe,3016.81,0.0,0.0,0.0,0.0,3016.81,1515.02,0.0,0.0,0.0,0.0,1515.02,railn_128,Córdoba
railn_1946,Santa Fe,4571.68,0.0,0.0,0.0,0.0,4571.68,4553.5199999999995,0.0,0.0,0.0,0.0,4553.5199999999995,railn_128,Córdoba
railn_2285,Santa Fe,1526.32,0.0,0.0,0.0,0.0,1526.32,1461.74,0.0,0.0,0.0,0.0,1461.74,railn_128,Córdoba
railn_2379,Santa Fe,3016.24,0.0,0.0,0.0,0.0,3016.24,2995.54,0.0,0.0,0.0,0.0,2995.54,railn_128,Córdoba
railn_674,Santa Fe,1604.32,0.0,0.0,0.0,0.0,1604.32,1591.98,0.0,0.0,0.0,0.0,1591.98,railn_1289,Santa Fe
railn_1386,Santa Fe,6339.530000000001,0.0,0.0,0.0,0.0,6339.530000000001,3832.2700000000004,0.0,0.0,0.0,0.0,3832.2700000000004,railn_129,Buenos Aires
railn_1682,Buenos Aires,9064.140000000001,0.0,0.0,0.0,0.0,9064.140000000001,3358.46,0.0,0.0,0.0,0.0,3358.46,railn_129,Buenos Aires
railn_1682,Buenos Aires,1007.74,0.0,0.0,0.0,0.0,1007.74,217.26,0.0,0.0,0.0,0.0,217.26,railn_1332,Buenos Aires
railn_1712,Río Negro,0.0,0.0,1938.08,0.0,0.0,1938.08,0.0,0.0,162.11,0.0,0.0,162.11,railn_1333,Buenos Aires
railn_1103,Chaco,0.0,0.0,0.0,31.0,0.0,31.0,0.0,0.0,0.0,31.0,0.0,31.0,railn_1335,Chaco
railn_1289,Santa Fe,3793.0,0.0,0.0,0.0,0.0,3793.0,2059.0,0.0,0.0,0.0,0.0,2059.0,railn_1335,Chaco
railn_1946,Santa Fe,3274.0,0.0,0.0,0.0,0.0,3274.0,1672.0,0.0,0.0,0.0,0.0,1672.0,railn_1335,Chaco
railn_1289,Santa Fe,3047.0,0.0,0.0,0.0,0.0,3047.0,1464.0,0.0,0.0,0.0,0.0,1464.0,railn_1336,Chaco
railn_1946,Santa Fe,2567.0,0.0,0.0,0.0,0.0,2567.0,1165.0,0.0,0.0,0.0,0.0,1165.0,railn_1336,Chaco
railn_1289,Santa Fe,2359.0,0.0,0.0,0.0,0.0,2359.0,2068.0,0.0,0.0,0.0,0.0,2068.0,railn_1339,Chaco
railn_1946,Santa Fe,2384.0,0.0,0.0,0.0,0.0,2384.0,1952.0,0.0,0.0,0.0,0.0,1952.0,railn_1339,Chaco
railn_970,La Rioja,0.0,0.0,0.0,448.0,0.0,448.0,0.0,0.0,0.0,320.0,0.0,320.0,railn_1339,Chaco
railn_1289,Santa Fe,3567.0,0.0,0.0,0.0,0.0,3567.0,2103.0,0.0,0.0,0.0,0.0,2103.0,railn_1344,Chaco
railn_1946,Santa Fe,1265.0,0.0,0.0,0.0,0.0,1265.0,1140.0,0.0,0.0,0.0,0.0,1140.0,railn_1344,Chaco
railn_177,Buenos Aires,0.0,0.0,0.0,1597.12,0.0,1597.12,0.0,0.0,0.0,208.08,0.0,208.08,railn_135,Córdoba
railn_1893,Córdoba,0.0,0.0,1651.02,0.0,0.0,1651.02,0.0,0.0,1302.14,0.0,0.0,1302.14,railn_135,Córdoba
railn_1920,Buenos Aires,0.0,0.0,0.0,1526.08,0.0,1526.08,0.0,0.0,0.0,1360.9,0.0,1360.9,railn_135,Córdoba
railn_1923,Buenos Aires,0.0,0.0,0.0,1905.36,0.0,1905.36,0.0,0.0,0.0,56.7,0.0,56.7,railn_135,Córdoba
railn_1929,Santa Fe,0.0,0.0,0.0,1546.15,0.0,1546.15,0.0,0.0,0.0,1243.48,0.0,1243.48,railn_135,Córdoba
railn_1939,Buenos Aires,0.0,0.0,0.0,1581.68,0.0,1581.68,0.0,0.0,0.0,1120.85,0.0,1120.85,railn_135,Córdoba
railn_230,Santa Fe,0.0,0.0,0.0,54.2,0.0,54.2,0.0,0.0,0.0,54.2,0.0,54.2,railn_135,Córdoba
railn_71,Buenos Aires,0.0,0.0,0.0,1698.48,0.0,1698.48,0.0,0.0,0.0,1478.49,0.0,1478.49,railn_135,Córdoba
railn_1107,Salta,0.0,0.0,510.0,0.0,0.0,510.0,0.0,0.0,450.0,0.0,0.0,450.0,railn_1383,Catamarca
railn_120,Buenos Aires,652.62,0.0,0.0,0.0,0.0,652.62,652.62,0.0,0.0,0.0,0.0,652.62,railn_1386,Santa Fe
railn_1682,Buenos Aires,251.23,0.0,0.0,0.0,0.0,251.23,50.25,0.0,0.0,0.0,0.0,50.25,railn_1394,Buenos Aires
railn_1386,Santa Fe,552.13,0.0,0.0,0.0,0.0,552.13,488.7,0.0,0.0,0.0,0.0,488.7,railn_1405,Santa Fe
railn_1386,Santa Fe,1226.4699999999998,0.0,0.0,0.0,0.0,1226.4699999999998,591.36,0.0,0.0,0.0,0.0,591.36,railn_1406,Santa Fe
railn_1386,Santa Fe,999.26,0.0,0.0,0.0,0.0,999.26,442.53999999999996,0.0,0.0,0.0,0.0,442.53999999999996,railn_1407,Santa Fe
railn_1386,Santa Fe,2075.96,0.0,0.0,0.0,0.0,2075.96,958.8899999999999,0.0,0.0,0.0,0.0,958.8899999999999,railn_1411,Santa Fe
railn_1386,Santa Fe,1679.35,0.0,0.0,0.0,0.0,1679.35,303.49,0.0,0.0,0.0,0.0,303.49,railn_1412,Santa Fe
railn_1386,Santa Fe,2648.3,0.0,0.0,0.0,0.0,2648.3,1498.19,0.0,0.0,0.0,0.0,1498.19,railn_1413,Santa Fe
railn_1386,Santa Fe,3387.32,0.0,0.0,0.0,0.0,3387.32,712.47,0.0,0.0,0.0,0.0,712.47,railn_1414,Santa Fe
railn_1386,Santa Fe,3129.82,0.0,0.0,0.0,0.0,3129.82,1110.4,0.0,0.0,0.0,0.0,1110.4,railn_1415,Santa Fe
railn_1682,Buenos Aires,562.46,0.0,0.0,0.0,0.0,562.46,462.06,0.0,0.0,0.0,0.0,462.06,railn_1422,Buenos Aires
railn_1460,Buenos Aires,546.0,0.0,0.0,0.0,0.0,546.0,532.53,0.0,0.0,0.0,0.0,532.53,railn_1424,Buenos Aires
railn_1682,Buenos Aires,2260.52,0.0,0.0,0.0,0.0,2260.52,652.97,0.0,0.0,0.0,0.0,652.97,railn_1424,Buenos Aires
railn_1597,Buenos Aires,0.0,0.0,0.0,16500.0,0.0,16500.0,0.0,0.0,0.0,25.0,0.0,25.0,railn_1425,Buenos Aires
railn_1711,Río Negro,630.0,0.0,0.0,0.0,0.0,630.0,45.0,0.0,0.0,0.0,0.0,45.0,railn_1425,Buenos Aires
railn_1714,Río Negro,3440.0,0.0,0.0,0.0,0.0,3440.0,45.0,0.0,0.0,0.0,0.0,45.0,railn_1425,Buenos Aires
railn_1779,Buenos Aires,0.0,0.0,0.0,21150.0,0.0,21150.0,0.0,0.0,0.0,25.0,0.0,25.0,railn_1425,Buenos Aires
railn_1682,Buenos Aires,2798.37,0.0,0.0,0.0,0.0,2798.37,1385.48,0.0,0.0,0.0,0.0,1385.48,railn_1439,Buenos Aires
railn_1682,Buenos Aires,8658.279999999999,0.0,0.0,0.0,0.0,8658.279999999999,2274.6400000000003,0.0,0.0,0.0,0.0,2274.6400000000003,railn_1446,Buenos Aires
railn_1449,Buenos Aires,460.64,0.0,0.0,0.0,0.0,460.64,124.98,0.0,0.0,0.0,0.0,124.98,railn_1448,Buenos Aires
railn_1682,Buenos Aires,8640.62,0.0,0.0,0.0,0.0,8640.62,3273.81,0.0,0.0,0.0,0.0,3273.81,railn_1449,Buenos Aires
railn_35,Buenos Aires,1509.48,0.0,0.0,0.0,0.0,1509.48,1509.48,0.0,0.0,0.0,0.0,1509.48,railn_1449,Buenos Aires
railn_1682,Buenos Aires,2205.4700000000003,0.0,0.0,0.0,0.0,2205.4700000000003,1167.0900000000001,0.0,0.0,0.0,0.0,1167.0900000000001,railn_1460,Buenos Aires
railn_1386,Santa Fe,5901.299999999999,0.0,0.0,0.0,0.0,5901.299999999999,1941.79,0.0,0.0,0.0,0.0,1941.79,railn_1462,Santa Fe
railn_1682,Buenos Aires,2830.1000000000004,0.0,0.0,0.0,0.0,2830.1000000000004,40.2,0.0,0.0,0.0,0.0,40.2,railn_1466,Buenos Aires
railn_1929,Santa Fe,3174.59,0.0,0.0,0.0,0.0,3174.59,3174.59,0.0,0.0,0.0,0.0,3174.59,railn_147,Córdoba
railn_2285,Santa Fe,1716.33,0.0,0.0,0.0,0.0,1716.33,45.82,0.0,0.0,0.0,0.0,45.82,railn_147,Córdoba
railn_1682,Buenos Aires,4601.62,0.0,0.0,0.0,0.0,4601.62,2171.75,0.0,0.0,0.0,0.0,2171.75,railn_1471,Buenos Aires
railn_1682,Buenos Aires,805.05,0.0,0.0,0.0,0.0,805.05,611.58,0.0,0.0,0.0,0.0,611.58,railn_1481,Buenos Aires
railn_1682,Buenos Aires,521.88,0.0,0.0,0.0,0.0,521.88,521.88,0.0,0.0,0.0,0.0,521.88,railn_1486,La Pampa
railn_1386,Santa Fe,3303.8999999999996,0.0,0.0,0.0,0.0,3303.8999999999996,1645.3500000000001,0.0,0.0,0.0,0.0,1645.3500000000001,railn_1488,Buenos Aires
railn_1386,Santa Fe,3099.97,0.0,0.0,0.0,0.0,3099.97,1127.3000000000002,0.0,0.0,0.0,0.0,1127.3000000000002,railn_1490,Buenos Aires
railn_1386,Santa Fe,4931.9,0.0,0.0,0.0,0.0,4931.9,3476.84,0.0,0.0,0.0,0.0,3476.84,railn_1492,Buenos Aires
railn_162,Buenos Aires,1649.3,0.0,0.0,0.0,0.0,1649.3,1649.3,0.0,0.0,0.0,0.0,1649.3,railn_1492,Buenos Aires
railn_1682,Buenos Aires,1525.72,0.0,0.0,0.0,0.0,1525.72,1463.36,0.0,0.0,0.0,0.0,1463.36,railn_1492,Buenos Aires
railn_1386,Santa Fe,1614.18,0.0,0.0,0.0,0.0,1614.18,192.91,0.0,0.0,0.0,0.0,192.91,railn_1493,Buenos Aires
railn_1386,Santa Fe,2131.06,0.0,0.0,0.0,0.0,2131.06,1334.27,0.0,0.0,0.0,0.0,1334.27,railn_1494,Buenos Aires
railn_1682,Buenos Aires,1398.72,0.0,0.0,0.0,0.0,1398.72,1022.58,0.0,0.0,0.0,0.0,1022.58,railn_1494,Buenos Aires
railn_1386,Santa Fe,4938.66,0.0,0.0,0.0,0.0,4938.66,4504.16,0.0,0.0,0.0,0.0,4504.16,railn_1495,Buenos Aires
railn_1682,Buenos Aires,1527.32,0.0,0.0,0.0,0.0,1527.32,1527.32,0.0,0.0,0.0,0.0,1527.32,railn_1495,Buenos Aires
railn_1682,Buenos Aires,1532.74,0.0,0.0,0.0,0.0,1532.74,930.32,0.0,0.0,0.0,0.0,930.32,railn_1496,Buenos Aires
railn_1386,Santa Fe,3240.36,0.0,0.0,0.0,0.0,3240.36,1033.71,0.0,0.0,0.0,0.0,1033.71,railn_1499,Buenos Aires
railn_1540,Buenos Aires,984.35,0.0,0.0,0.0,0.0,984.35,984.35,0.0,0.0,0.0,0.0,984.35,railn_1499,Buenos Aires
railn_1682,Buenos Aires,4592.99,0.0,0.0,0.0,0.0,4592.99,1603.8300000000002,0.0,0.0,0.0,0.0,1603.8300000000002,railn_1499,Buenos Aires
railn_1682,Buenos Aires,3118.43,0.0,0.0,0.0,0.0,3118.43,2920.62,0.0,0.0,0.0,0.0,2920.62,railn_1500,Buenos Aires
railn_1386,Santa Fe,3300.6800000000003,0.0,0.0,0.0,0.0,3300.6800000000003,2588.09,0.0,0.0,0.0,0.0,2588.09,railn_1501,La Pampa
railn_1682,Buenos Aires,4680.58,0.0,0.0,0.0,0.0,4680.58,2437.54,0.0,0.0,0.0,0.0,2437.54,railn_1501,La Pampa
railn_1386,Santa Fe,3218.71,0.0,0.0,0.0,0.0,3218.71,3131.8500000000004,0.0,0.0,0.0,0.0,3131.8500000000004,railn_1503,La Pampa
railn_1682,Buenos Aires,4816.83,0.0,0.0,0.0,0.0,4816.83,3268.46,0.0,0.0,0.0,0.0,3268.46,railn_1503,La Pampa
railn_1386,Santa Fe,6503.2,0.0,0.0,0.0,0.0,6503.2,3212.06,0.0,0.0,0.0,0.0,3212.06,railn_1508,La Pampa
railn_1682,Buenos Aires,6166.98,0.0,0.0,0.0,0.0,6166.98,4372.18,0.0,0.0,0.0,0.0,4372.18,railn_1508,La Pampa
railn_1682,Buenos Aires,2078.16,0.0,0.0,0.0,0.0,2078.16,651.2,0.0,0.0,0.0,0.0,651.2,railn_1510,La Pampa
railn_1682,Buenos Aires,1592.84,0.0,0.0,0.0,0.0,1592.84,411.94,0.0,0.0,0.0,0.0,411.94,railn_1517,Buenos Aires
railn_1386,Santa Fe,1633.08,0.0,0.0,0.0,0.0,1633.08,1469.06,0.0,0.0,0.0,0.0,1469.06,railn_1520,La Pampa
railn_1682,Buenos Aires,2873.19,0.0,0.0,0.0,0.0,2873.19,723.38,0.0,0.0,0.0,0.0,723.38,railn_1520,La Pampa
railn_1682,Buenos Aires,2972.2200000000003,0.0,0.0,0.0,0.0,2972.2200000000003,1323.6999999999998,0.0,0.0,0.0,0.0,1323.6999999999998,railn_1522,La Pampa
railn_1682,Buenos Aires,249.34,0.0,0.0,0.0,0.0,249.34,249.34,0.0,0.0,0.0,0.0,249.34,railn_1524,La Pampa
railn_1386,Santa Fe,553.95,0.0,0.0,0.0,0.0,553.95,307.75,0.0,0.0,0.0,0.0,307.75,railn_1526,Buenos Aires
railn_162,Buenos Aires,1063.94,0.0,0.0,0.0,0.0,1063.94,304.04,0.0,0.0,0.0,0.0,304.04,railn_1526,Buenos Aires
railn_1682,Buenos Aires,509.56,0.0,0.0,0.0,0.0,509.56,201.65,0.0,0.0,0.0,0.0,201.65,railn_1526,Buenos Aires
railn_1386,Santa Fe,3279.96,0.0,0.0,0.0,0.0,3279.96,2154.94,0.0,0.0,0.0,0.0,2154.94,railn_1531,Córdoba
railn_1682,Buenos Aires,5051.76,0.0,0.0,0.0,0.0,5051.76,3095.8999999999996,0.0,0.0,0.0,0.0,3095.8999999999996,railn_1531,Córdoba
railn_1386,Santa Fe,1687.83,0.0,0.0,0.0,0.0,1687.83,802.9,0.0,0.0,0.0,0.0,802.9,railn_1536,Buenos Aires
railn_1386,Santa Fe,3025.88,0.0,0.0,0.0,0.0,3025.88,1355.06,0.0,0.0,0.0,0.0,1355.06,railn_1537,Buenos Aires
railn_1682,Buenos Aires,1557.1,0.0,0.0,0.0,0.0,1557.1,1511.04,0.0,0.0,0.0,0.0,1511.04,railn_1537,Buenos Aires
railn_1386,Santa Fe,3145.12,0.0,0.0,0.0,0.0,3145.12,807.74,0.0,0.0,0.0,0.0,807.74,railn_1540,Buenos Aires
railn_1682,Buenos Aires,4595.139999999999,0.0,0.0,0.0,0.0,4595.139999999999,1558.3400000000001,0.0,0.0,0.0,0.0,1558.3400000000001,railn_1540,Buenos Aires
railn_1386,Santa Fe,1600.25,0.0,0.0,0.0,0.0,1600.25,1505.35,0.0,0.0,0.0,0.0,1505.35,railn_1541,Buenos Aires
railn_1682,Buenos Aires,1497.36,0.0,0.0,0.0,0.0,1497.36,1489.48,0.0,0.0,0.0,0.0,1489.48,railn_1541,Buenos Aires
railn_1682,Buenos Aires,1012.68,0.0,0.0,0.0,0.0,1012.68,1012.68,0.0,0.0,0.0,0.0,1012.68,railn_1542,Buenos Aires
railn_1386,Santa Fe,1536.74,0.0,0.0,0.0,0.0,1536.74,1536.74,0.0,0.0,0.0,0.0,1536.74,railn_1543,Buenos Aires
railn_1682,Buenos Aires,5170.48,0.0,0.0,0.0,0.0,5170.48,1071.1,0.0,0.0,0.0,0.0,1071.1,railn_1543,Buenos Aires
railn_1386,Santa Fe,3310.1400000000003,0.0,0.0,0.0,0.0,3310.1400000000003,3162.58,0.0,0.0,0.0,0.0,3162.58,railn_1556,La Pampa
railn_1682,Buenos Aires,3095.49,0.0,0.0,0.0,0.0,3095.49,694.26,0.0,0.0,0.0,0.0,694.26,railn_1556,La Pampa
railn_1386,Santa Fe,1627.67,0.0,0.0,0.0,0.0,1627.67,1511.26,0.0,0.0,0.0,0.0,1511.26,railn_1557,La Pampa
railn_1682,Buenos Aires,3074.26,0.0,0.0,0.0,0.0,3074.26,1972.79,0.0,0.0,0.0,0.0,1972.79,railn_1557,La Pampa
railn_1682,Buenos Aires,702.46,0.0,0.0,0.0,0.0,702.46,702.46,0.0,0.0,0.0,0.0,702.46,railn_1558,La Pampa
railn_1682,Buenos Aires,443.78,0.0,0.0,0.0,0.0,443.78,380.48,0.0,0.0,0.0,0.0,380.48,railn_1559,La Pampa
railn_1386,Santa Fe,3108.8199999999997,0.0,0.0,0.0,0.0,3108.8199999999997,3019.98,0.0,0.0,0.0,0.0,3019.98,railn_1560,La Pampa
railn_1682,Buenos Aires,2206.58,0.0,0.0,0.0,0.0,2206.58,1177.74,0.0,0.0,0.0,0.0,1177.74,railn_1560,La Pampa
railn_1386,Santa Fe,3308.58,0.0,0.0,0.0,0.0,3308.58,2957.7799999999997,0.0,0.0,0.0,0.0,2957.7799999999997,railn_1562,La Pampa
railn_1449,Buenos Aires,3793.88,0.0,0.0,0.0,0.0,3793.88,2246.1800000000003,0.0,0.0,0.0,0.0,2246.1800000000003,railn_1562,La Pampa
railn_1682,Buenos Aires,8737.08,0.0,0.0,0.0,0.0,8737.08,3967.8500000000004,0.0,0.0,0.0,0.0,3967.8500000000004,railn_1562,La Pampa
railn_1682,Buenos Aires,4448.87,0.0,0.0,0.0,0.0,4448.87,2825.45,0.0,0.0,0.0,0.0,2825.45,railn_1600,Buenos Aires
railn_1386,Santa Fe,483.64,0.0,0.0,0.0,0.0,483.64,483.64,0.0,0.0,0.0,0.0,483.64,railn_1601,Buenos Aires
railn_1682,Buenos Aires,5490.74,0.0,0.0,0.0,0.0,5490.74,1521.7199999999998,0.0,0.0,0.0,0.0,1521.7199999999998,railn_1601,Buenos Aires
railn_205,Santa Fe,304.74,0.0,0.0,0.0,0.0,304.74,304.74,0.0,0.0,0.0,0.0,304.74,railn_1601,Buenos Aires
railn_1682,Buenos Aires,3934.62,0.0,0.0,0.0,0.0,3934.62,3934.62,0.0,0.0,0.0,0.0,3934.62,railn_1602,Buenos Aires
railn_1682,Buenos Aires,2658.42,0.0,0.0,0.0,0.0,2658.42,1361.6299999999999,0.0,0.0,0.0,0.0,1361.6299999999999,railn_1603,Buenos Aires
railn_1682,Buenos Aires,3315.74,0.0,0.0,0.0,0.0,3315.74,1459.71,0.0,0.0,0.0,0.0,1459.71,railn_1604,Buenos Aires
railn_205,Santa Fe,334.8,0.0,0.0,0.0,0.0,334.8,334.8,0.0,0.0,0.0,0.0,334.8,railn_1604,Buenos Aires
railn_35,Buenos Aires,628.71,0.0,0.0,0.0,0.0,628.71,304.03,0.0,0.0,0.0,0.0,304.03,railn_1605,Buenos Aires
railn_1682,Buenos Aires,3850.8199999999997,0.0,0.0,0.0,0.0,3850.8199999999997,1690.3799999999999,0.0,0.0,0.0,0.0,1690.3799999999999,railn_1606,La Pampa
railn_1386,Santa Fe,466.44,0.0,0.0,0.0,0.0,466.44,466.44,0.0,0.0,0.0,0.0,466.44,railn_1608,La Pampa
railn_1682,Buenos Aires,1527.65,0.0,0.0,0.0,0.0,1527.65,797.6,0.0,0.0,0.0,0.0,797.6,railn_1608,La Pampa
railn_205,Santa Fe,286.8,0.0,0.0,0.0,0.0,286.8,286.8,0.0,0.0,0.0,0.0,286.8,railn_1608,La Pampa
railn_1682,Buenos Aires,2380.82,0.0,0.0,0.0,0.0,2380.82,1429.77,0.0,0.0,0.0,0.0,1429.77,railn_1609,La Pampa
railn_1466,Buenos Aires,1446.64,0.0,0.0,0.0,0.0,1446.64,1446.64,0.0,0.0,0.0,0.0,1446.64,railn_1610,La Pampa
railn_1682,Buenos Aires,6053.9,0.0,0.0,0.0,0.0,6053.9,2042.33,0.0,0.0,0.0,0.0,2042.33,railn_1610,La Pampa
railn_1682,Buenos Aires,1480.2,0.0,0.0,0.0,0.0,1480.2,213.34,0.0,0.0,0.0,0.0,213.34,railn_1616,Buenos Aires
railn_1386,Santa Fe,761.06,0.0,0.0,0.0,0.0,761.06,761.06,0.0,0.0,0.0,0.0,761.06,railn_1617,Buenos Aires
railn_1682,Buenos Aires,5010.33,0.0,0.0,0.0,0.0,5010.33,1370.74,0.0,0.0,0.0,0.0,1370.74,railn_1617,Buenos Aires
railn_1893,Córdoba,1035.24,0.0,0.0,0.0,0.0,1035.24,1028.61,0.0,0.0,0.0,0.0,1028.61,railn_1617,Buenos Aires
railn_273,Buenos Aires,0.0,0.0,50.0,0.0,1.0,51.0,0.0,0.0,50.0,0.0,1.0,51.0,railn_162,Buenos Aires
railn_356,Buenos Aires,0.0,0.0,0.0,0.0,201.39,201.39,0.0,0.0,0.0,0.0,201.39,201.39,railn_162,Buenos Aires
railn_368,Santa Fe,3651.04,0.0,1400.0,0.0,0.0,5051.04,3618.5,0.0,1400.0,0.0,0.0,5018.5,railn_162,Buenos Aires
railn_388,San Luis,343.5,0.0,0.0,83.6,5.0,432.1,343.5,0.0,0.0,83.6,5.0,432.1,railn_162,Buenos Aires
railn_429,Mendoza,0.0,0.0,0.0,0.0,25.0,25.0,0.0,0.0,0.0,0.0,25.0,25.0,railn_162,Buenos Aires
railn_674,Santa Fe,11936.310000000001,0.0,0.0,3050.76,186.86,15173.93,1738.38,0.0,0.0,232.08,49.7,2020.1599999999999,railn_162,Buenos Aires
railn_746,Santa Fe,7076.2,0.0,4047.3,1750.0,50.3,12923.8,4933.66,0.0,597.3,50.0,1.0,5581.959999999999,railn_162,Buenos Aires
railn_1682,Buenos Aires,1492.76,0.0,0.0,0.0,0.0,1492.76,943.68,0.0,0.0,0.0,0.0,943.68,railn_1620,La Pampa
railn_1682,Buenos Aires,1699.5,0.0,0.0,0.0,0.0,1699.5,222.26,0.0,0.0,0.0,0.0,222.26,railn_1623,Buenos Aires
railn_1682,Buenos Aires,1484.2,0.0,0.0,0.0,0.0,1484.2,747.54,0.0,0.0,0.0,0.0,747.54,railn_1625,Buenos Aires
railn_1682,Buenos Aires,4522.360000000001,0.0,0.0,0.0,0.0,4522.360000000001,1297.6599999999999,0.0,0.0,0.0,0.0,1297.6599999999999,railn_1626,Buenos Aires
railn_1466,Buenos Aires,1440.38,0.0,0.0,0.0,0.0,1440.38,944.64,0.0,0.0,0.0,0.0,944.64,railn_1631,Buenos Aires
railn_1682,Buenos Aires,768.95,0.0,0.0,0.0,0.0,768.95,220.89,0.0,0.0,0.0,0.0,220.89,railn_1631,Buenos Aires
railn_1386,Santa Fe,2728.2,0.0,0.0,0.0,0.0,2728.2,2605.2200000000003,0.0,0.0,0.0,0.0,2605.2200000000003,railn_1641,Buenos Aires
railn_1682,Buenos Aires,5780.42,0.0,0.0,0.0,0.0,5780.42,930.8699999999999,0.0,0.0,0.0,0.0,930.8699999999999,railn_1641,Buenos Aires
railn_1682,Buenos Aires,4456.8,0.0,0.0,0.0,0.0,4456.8,2135.66,0.0,0.0,0.0,0.0,2135.66,railn_1643,Buenos Aires
railn_1682,Buenos Aires,1468.96,0.0,0.0,0.0,0.0,1468.96,529.82,0.0,0.0,0.0,0.0,529.82,railn_1665,Buenos Aires
railn_162,Buenos Aires,579.96,0.0,0.0,0.0,0.0,579.96,579.96,0.0,0.0,0.0,0.0,579.96,railn_1676,Buenos Aires
railn_1682,Buenos Aires,663.64,0.0,0.0,0.0,0.0,663.64,255.24,0.0,0.0,0.0,0.0,255.24,railn_1676,Buenos Aires
railn_1449,Buenos Aires,1246.66,0.0,0.0,0.0,0.0,1246.66,1246.66,0.0,0.0,0.0,0.0,1246.66,railn_1678,Buenos Aires
railn_374,Córdoba,2944.9,0.0,0.0,0.0,0.0,2944.9,2887.3900000000003,0.0,0.0,0.0,0.0,2887.3900000000003,railn_168,Córdoba
railn_674,Santa Fe,5686.02,0.0,0.0,0.0,0.0,5686.02,1394.74,0.0,0.0,0.0,0.0,1394.74,railn_168,Córdoba
railn_120,Buenos Aires,537.51,0.0,0.0,0.0,0.0,537.51,537.13,0.0,0.0,0.0,0.0,537.13,railn_1682,Buenos Aires
railn_129,Buenos Aires,569.4,0.0,0.0,0.0,0.0,569.4,127.22,0.0,0.0,0.0,0.0,127.22,railn_1682,Buenos Aires
railn_1386,Santa Fe,2621.09,19.0,0.0,0.0,0.0,2640.09,2581.02,19.0,0.0,0.0,0.0,2600.02,railn_1682,Buenos Aires
railn_1537,Buenos Aires,741.23,0.0,0.0,0.0,0.0,741.23,741.23,0.0,0.0,0.0,0.0,741.23,railn_1682,Buenos Aires
railn_1540,Buenos Aires,234.3,0.0,0.0,0.0,0.0,234.3,46.0,0.0,0.0,0.0,0.0,46.0,railn_1682,Buenos Aires
railn_1562,La Pampa,320.87,0.0,0.0,0.0,0.0,320.87,119.06,0.0,0.0,0.0,0.0,119.06,railn_1682,Buenos Aires
railn_1626,Buenos Aires,1226.11,0.0,0.0,0.0,0.0,1226.11,1211.07,0.0,0.0,0.0,0.0,1211.07,railn_1682,Buenos Aires
railn_1711,Río Negro,0.0,362.32,0.0,0.0,0.0,362.32,0.0,362.32,0.0,0.0,0.0,362.32,railn_1682,Buenos Aires
railn_1752,Buenos Aires,1212.96,0.0,0.0,0.0,0.0,1212.96,1069.7,0.0,0.0,0.0,0.0,1069.7,railn_1682,Buenos Aires
railn_1753,Buenos Aires,105.38,0.0,0.0,0.0,0.0,105.38,4.82,0.0,0.0,0.0,0.0,4.82,railn_1682,Buenos Aires
railn_1761,Neuquén,0.0,0.0,1242.0,0.0,0.0,1242.0,0.0,0.0,283.5,0.0,0.0,283.5,railn_1682,Buenos Aires
railn_1937,Buenos Aires,1519.55,0.0,0.0,0.0,0.0,1519.55,1497.95,0.0,0.0,0.0,0.0,1497.95,railn_1682,Buenos Aires
railn_35,Buenos Aires,1598.42,0.0,0.0,0.0,0.0,1598.42,751.51,0.0,0.0,0.0,0.0,751.51,railn_1682,Buenos Aires
railn_407,Buenos Aires,297.1,0.0,0.0,0.0,0.0,297.1,297.1,0.0,0.0,0.0,0.0,297.1,railn_1682,Buenos Aires
railn_429,Mendoza,0.0,0.0,650.0,0.0,0.0,650.0,0.0,0.0,650.0,0.0,0.0,650.0,railn_170,Mendoza
railn_1682,Buenos Aires,2820.8999999999996,0.0,0.0,0.0,0.0,2820.8999999999996,1505.36,0.0,0.0,0.0,0.0,1505.36,railn_1703,La Pampa
railn_1333,Buenos Aires,0.0,0.0,0.0,0.0,167.5,167.5,0.0,0.0,0.0,0.0,36.59,36.59,railn_1712,Río Negro
railn_1425,Buenos Aires,75.0,0.0,0.0,0.0,0.0,75.0,50.0,0.0,0.0,0.0,0.0,50.0,railn_1712,Río Negro
railn_1682,Buenos Aires,525.0,0.0,0.0,0.0,0.0,525.0,50.0,0.0,0.0,0.0,0.0,50.0,railn_1712,Río Negro
railn_273,Buenos Aires,0.0,0.0,0.0,0.0,140.0,140.0,0.0,0.0,0.0,0.0,25.0,25.0,railn_1712,Río Negro
railn_1807,Buenos Aires,0.0,0.0,0.0,225.0,0.0,225.0,0.0,0.0,0.0,25.0,0.0,25.0,railn_1714,Río Negro
railn_1818,Buenos Aires,0.0,75.0,0.0,0.0,0.0,75.0,0.0,25.0,0.0,0.0,0.0,25.0,railn_1714,Río Negro
railn_429,Mendoza,0.0,0.0,6691.9,0.0,30.0,6721.9,0.0,0.0,347.3,0.0,30.0,377.3,railn_172,San Juan
railn_453,San Juan,0.0,0.0,50.0,0.0,150.0,200.0,0.0,0.0,50.0,0.0,2.0,52.0,railn_172,San Juan
railn_1767,Buenos Aires,3656.18,0.0,0.0,0.0,0.0,3656.18,1197.2599999999998,0.0,0.0,0.0,0.0,1197.2599999999998,railn_1733,Buenos Aires
railn_1682,Buenos Aires,1460.96,0.0,0.0,0.0,0.0,1460.96,1399.2,0.0,0.0,0.0,0.0,1399.2,railn_1751,Buenos Aires
railn_1682,Buenos Aires,384.64,0.0,0.0,0.0,0.0,384.64,42.74,0.0,0.0,0.0,0.0,42.74,railn_1752,Buenos Aires
railn_1386,Santa Fe,1487.84,0.0,0.0,0.0,0.0,1487.84,1449.22,0.0,0.0,0.0,0.0,1449.22,railn_1753,Buenos Aires
railn_1682,Buenos Aires,5931.150000000001,0.0,0.0,0.0,0.0,5931.150000000001,3556.5,0.0,0.0,0.0,0.0,3556.5,railn_1753,Buenos Aires
railn_1682,Buenos Aires,42.92,0.0,0.0,0.0,0.0,42.92,42.92,0.0,0.0,0.0,0.0,42.92,railn_1754,Buenos Aires
railn_208,Buenos Aires,0.0,0.0,8991.020000000002,0.0,0.0,8991.020000000002,0.0,0.0,52.8,0.0,0.0,52.8,railn_1760,Río Negro
railn_1779,Buenos Aires,0.0,0.0,1534.0,0.0,0.0,1534.0,0.0,0.0,26.0,0.0,0.0,26.0,railn_1761,Neuquén
railn_1733,Buenos Aires,1420.92,0.0,0.0,0.0,0.0,1420.92,1255.67,0.0,0.0,0.0,0.0,1255.67,railn_1767,Buenos Aires
railn_1780,Buenos Aires,0.0,0.0,13097.150000000001,0.0,0.0,13097.150000000001,0.0,0.0,210.97,0.0,0.0,210.97,railn_1770,Buenos Aires
railn_1818,Buenos Aires,0.0,0.0,733.63,0.0,0.0,733.63,0.0,0.0,52.75,0.0,0.0,52.75,railn_1770,Buenos Aires
railn_347,Buenos Aires,0.0,0.0,936.0,0.0,0.0,936.0,0.0,0.0,774.6,0.0,0.0,774.6,railn_1770,Buenos Aires
railn_35,Buenos Aires,0.0,0.0,341640.1199999999,0.0,0.0,341640.1199999999,0.0,0.0,109.47999999999999,0.0,0.0,109.47999999999999,railn_1770,Buenos Aires
railn_727,Buenos Aires,0.0,0.0,62312.068999999974,0.0,0.0,62312.068999999974,0.0,0.0,90.9,0.0,0.0,90.9,railn_1770,Buenos Aires
railn_784,Buenos Aires,0.0,0.0,3736.46,0.0,0.0,3736.46,0.0,0.0,96.99000000000001,0.0,0.0,96.99000000000001,railn_1770,Buenos Aires
railn_923,Buenos Aires,0.0,0.0,28140.119999999988,0.0,0.0,28140.119999999988,0.0,0.0,98.72999999999999,0.0,0.0,98.72999999999999,railn_1770,Buenos Aires
railn_943,Ciudad Autónoma de Buenos Aires,0.0,0.0,26785.91999999999,0.0,0.0,26785.91999999999,0.0,0.0,101.87,0.0,0.0,101.87,railn_1770,Buenos Aires
railn_1822,Buenos Aires,0.0,0.0,0.0,160.0,0.0,160.0,0.0,0.0,0.0,160.0,0.0,160.0,railn_1777,Buenos Aires
railn_1425,Buenos Aires,0.0,0.0,0.0,300.0,160.0,460.0,0.0,0.0,0.0,25.0,5.0,30.0,railn_1779,Buenos Aires
railn_1761,Neuquén,0.0,0.0,4032.0,0.0,0.0,4032.0,0.0,0.0,24.0,0.0,0.0,24.0,railn_1779,Buenos Aires
railn_1682,Buenos Aires,1554.3000000000002,0.0,0.0,0.0,0.0,1554.3000000000002,1431.54,0.0,0.0,0.0,0.0,1431.54,railn_1784,Buenos Aires
railn_1386,Santa Fe,1246.16,0.0,0.0,0.0,0.0,1246.16,1246.16,0.0,0.0,0.0,0.0,1246.16,railn_1787,Buenos Aires
railn_1682,Buenos Aires,1462.22,0.0,0.0,0.0,0.0,1462.22,1346.42,0.0,0.0,0.0,0.0,1346.42,railn_1787,Buenos Aires
railn_803,Buenos Aires,0.0,0.0,3026.2699999999995,0.0,0.0,3026.2699999999995,0.0,0.0,629.42,0.0,0.0,629.42,railn_1788,Buenos Aires
railn_432,Buenos Aires,0.0,1740.0,0.0,0.0,0.0,1740.0,0.0,145.0,0.0,0.0,0.0,145.0,railn_179,Santa Fe
railn_881,Ciudad Autónoma de Buenos Aires,0.0,870.0,0.0,0.0,0.0,870.0,0.0,290.0,0.0,0.0,0.0,290.0,railn_179,Santa Fe
railn_1714,Río Negro,0.0,0.0,0.0,350.0,0.0,350.0,0.0,0.0,0.0,25.0,0.0,25.0,railn_1807,Buenos Aires
railn_2285,Santa Fe,0.0,0.0,6210.08,0.0,0.0,6210.08,0.0,0.0,2801.24,0.0,0.0,2801.24,railn_181,Tucumán
railn_1710,Neuquén,0.0,0.0,0.0,431.331,0.0,431.331,0.0,0.0,0.0,48.118,0.0,48.118,railn_1818,Buenos Aires
railn_1714,Río Negro,0.0,125.0,0.0,0.0,0.0,125.0,0.0,25.0,0.0,0.0,0.0,25.0,railn_1818,Buenos Aires
railn_1761,Neuquén,0.0,0.0,576.0,0.0,0.0,576.0,0.0,0.0,48.0,0.0,0.0,48.0,railn_1818,Buenos Aires
railn_208,Buenos Aires,0.0,0.0,0.0,30.0,0.0,30.0,0.0,0.0,0.0,30.0,0.0,30.0,railn_1818,Buenos Aires
railn_1386,Santa Fe,2879.88,0.0,0.0,0.0,0.0,2879.88,1412.24,0.0,0.0,0.0,0.0,1412.24,railn_182,Córdoba
railn_317,Córdoba,1127.96,0.0,0.0,0.0,0.0,1127.96,1127.96,0.0,0.0,0.0,0.0,1127.96,railn_182,Córdoba
railn_368,Santa Fe,5562.84,0.0,0.0,0.0,0.0,5562.84,145.9,0.0,0.0,0.0,0.0,145.9,railn_182,Córdoba
railn_1597,Buenos Aires,0.0,0.0,0.0,0.0,15.0,15.0,0.0,0.0,0.0,0.0,15.0,15.0,railn_1822,Buenos Aires
railn_35,Buenos Aires,1421.8600000000001,0.0,0.0,0.0,0.0,1421.8600000000001,464.12,0.0,0.0,0.0,0.0,464.12,railn_1822,Buenos Aires
railn_803,Buenos Aires,0.0,0.0,646003.1810000001,0.0,0.0,646003.1810000001,0.0,0.0,104.612,0.0,0.0,104.612,railn_1822,Buenos Aires
railn_881,Ciudad Autónoma de Buenos Aires,904.32,0.0,0.0,0.0,0.0,904.32,371.0,0.0,0.0,0.0,0.0,371.0,railn_1822,Buenos Aires
railn_923,Buenos Aires,0.0,0.0,8658.721000000001,0.0,0.0,8658.721000000001,0.0,0.0,35.344,0.0,0.0,35.344,railn_1822,Buenos Aires
railn_1289,Santa Fe,3169.38,0.0,0.0,0.0,0.0,3169.38,3169.38,0.0,0.0,0.0,0.0,3169.38,railn_183,Tucumán
railn_1925,Buenos Aires,3302.16,0.0,0.0,0.0,0.0,3302.16,539.06,0.0,0.0,0.0,0.0,539.06,railn_183,Tucumán
railn_1929,Santa Fe,3289.04,0.0,0.0,0.0,0.0,3289.04,705.2,0.0,0.0,0.0,0.0,705.2,railn_183,Tucumán
railn_2285,Santa Fe,17261.96,0.0,0.0,0.0,0.0,17261.96,3559.06,0.0,0.0,0.0,0.0,3559.06,railn_183,Tucumán
railn_230,Santa Fe,0.0,0.0,0.0,1013.8,0.0,1013.8,0.0,0.0,0.0,99.66,0.0,99.66,railn_183,Tucumán
railn_2379,Santa Fe,1624.92,0.0,0.0,0.0,0.0,1624.92,1624.92,0.0,0.0,0.0,0.0,1624.92,railn_183,Tucumán
railn_68,Santa Fe,10739.42,0.0,0.0,0.0,0.0,10739.42,402.17999999999995,0.0,0.0,0.0,0.0,402.17999999999995,railn_183,Tucumán
railn_1010,Santa Fe,0.0,0.0,0.0,645.0,0.0,645.0,0.0,0.0,0.0,645.0,0.0,645.0,railn_1849,Ciudad Autónoma de Buenos Aires
railn_1039,Salta,0.0,0.0,0.0,30.0,0.0,30.0,0.0,0.0,0.0,30.0,0.0,30.0,railn_1849,Ciudad Autónoma de Buenos Aires
railn_1043,Jujuy,0.0,0.0,0.0,600.0,0.0,600.0,0.0,0.0,0.0,400.0,0.0,400.0,railn_1849,Ciudad Autónoma de Buenos Aires
railn_1069,Chaco,0.0,0.0,0.0,3280.0,0.0,3280.0,0.0,0.0,0.0,225.0,0.0,225.0,railn_1849,Ciudad Autónoma de Buenos Aires
railn_1107,Salta,0.0,0.0,0.0,627.0,0.0,627.0,0.0,0.0,0.0,627.0,0.0,627.0,railn_1849,Ciudad Autónoma de Buenos Aires
railn_1112,Santiago del Estero,0.0,0.0,0.0,322.0,0.0,322.0,0.0,0.0,0.0,322.0,0.0,322.0,railn_1849,Ciudad Autónoma de Buenos Aires
railn_1137,Salta,0.0,0.0,0.0,1050.0,0.0,1050.0,0.0,0.0,0.0,300.0,0.0,300.0,railn_1849,Ciudad Autónoma de Buenos Aires
railn_1141,Salta,0.0,0.0,0.0,800.0,0.0,800.0,0.0,0.0,0.0,320.0,0.0,320.0,railn_1849,Ciudad Autónoma de Buenos Aires
railn_1203,Santa Fe,0.0,0.0,0.0,85.0,0.0,85.0,0.0,0.0,0.0,85.0,0.0,85.0,railn_1849,Ciudad Autónoma de Buenos Aires
railn_1269,Tucumán,0.0,0.0,0.0,675.0,0.0,675.0,0.0,0.0,0.0,675.0,0.0,675.0,railn_1849,Ciudad Autónoma de Buenos Aires
railn_1934,Córdoba,0.0,0.0,0.0,624.0,0.0,624.0,0.0,0.0,0.0,338.0,0.0,338.0,railn_1849,Ciudad Autónoma de Buenos Aires
railn_417,Santa Fe,0.0,0.0,0.0,636.0,0.0,636.0,0.0,0.0,0.0,636.0,0.0,636.0,railn_1849,Ciudad Autónoma de Buenos Aires
railn_1682,Buenos Aires,5439.8,0.0,0.0,0.0,0.0,5439.8,1711.71,0.0,0.0,0.0,0.0,1711.71,railn_1860,Buenos Aires
railn_35,Buenos Aires,1324.8,0.0,0.0,0.0,0.0,1324.8,1324.8,0.0,0.0,0.0,0.0,1324.8,railn_1860,Buenos Aires
railn_177,Buenos Aires,0.0,0.0,0.0,1601.5,0.0,1601.5,0.0,0.0,0.0,1495.01,0.0,1495.01,railn_1865,Córdoba
railn_1920,Buenos Aires,0.0,0.0,0.0,1498.4,0.0,1498.4,0.0,0.0,0.0,1402.2,0.0,1402.2,railn_1865,Córdoba
railn_1923,Buenos Aires,0.0,0.0,0.0,1697.0,0.0,1697.0,0.0,0.0,0.0,256.12,0.0,256.12,railn_1865,Córdoba
railn_1924,Buenos Aires,0.0,0.0,0.0,1355.42,0.0,1355.42,0.0,0.0,0.0,1355.42,0.0,1355.42,railn_1865,Córdoba
railn_1939,Buenos Aires,0.0,0.0,0.0,1566.8,0.0,1566.8,0.0,0.0,0.0,1248.0,0.0,1248.0,railn_1865,Córdoba
railn_746,Santa Fe,0.0,0.0,0.0,1611.0800000000002,0.0,1611.0800000000002,0.0,0.0,0.0,1018.2,0.0,1018.2,railn_1865,Córdoba
railn_905,Buenos Aires,0.0,0.0,1609.12,0.0,0.0,1609.12,0.0,0.0,1111.22,0.0,0.0,1111.22,railn_1865,Córdoba
railn_674,Santa Fe,2541.3,0.0,0.0,0.0,0.0,2541.3,2541.3,0.0,0.0,0.0,0.0,2541.3,railn_1868,Santa Fe
railn_2285,Santa Fe,1545.3,0.0,0.0,0.0,0.0,1545.3,1528.0,0.0,0.0,0.0,0.0,1528.0,railn_1872,Córdoba
railn_2285,Santa Fe,1501.92,0.0,0.0,0.0,0.0,1501.92,1361.6000000000001,0.0,0.0,0.0,0.0,1361.6000000000001,railn_1873,Córdoba
railn_2285,Santa Fe,1536.56,0.0,0.0,0.0,0.0,1536.56,1511.04,0.0,0.0,0.0,0.0,1511.04,railn_1874,Córdoba
railn_1925,Buenos Aires,2942.9600000000005,0.0,0.0,0.0,0.0,2942.9600000000005,2942.9600000000005,0.0,0.0,0.0,0.0,2942.9600000000005,railn_1875,Córdoba
railn_2285,Santa Fe,7240.179999999999,0.0,0.0,0.0,0.0,7240.179999999999,3865.3199999999997,0.0,0.0,0.0,0.0,3865.3199999999997,railn_1875,Córdoba
railn_432,Buenos Aires,0.0,3450.0,0.0,0.0,4.0,3454.0,0.0,184.0,0.0,0.0,4.0,188.0,railn_1875,Córdoba
railn_68,Santa Fe,1388.58,0.0,0.0,0.0,0.0,1388.58,1388.58,0.0,0.0,0.0,0.0,1388.58,railn_1875,Córdoba
railn_881,Ciudad Autónoma de Buenos Aires,0.0,874.0,0.0,0.0,0.0,874.0,0.0,154.0,0.0,0.0,0.0,154.0,railn_1875,Córdoba
railn_1289,Santa Fe,1510.98,0.0,0.0,0.0,0.0,1510.98,1510.98,0.0,0.0,0.0,0.0,1510.98,railn_1887,Córdoba
railn_1925,Buenos Aires,1522.3400000000001,0.0,0.0,0.0,0.0,1522.3400000000001,1311.78,0.0,0.0,0.0,0.0,1311.78,railn_1887,Córdoba
railn_1929,Santa Fe,3025.7,0.0,0.0,0.0,0.0,3025.7,3025.7,0.0,0.0,0.0,0.0,3025.7,railn_1887,Córdoba
railn_1946,Santa Fe,4569.5599999999995,0.0,0.0,0.0,0.0,4569.5599999999995,3213.74,0.0,0.0,0.0,0.0,3213.74,railn_1887,Córdoba
railn_2285,Santa Fe,3073.8,0.0,0.0,0.0,0.0,3073.8,1512.6599999999999,0.0,0.0,0.0,0.0,1512.6599999999999,railn_1887,Córdoba
railn_2379,Santa Fe,1601.98,0.0,0.0,0.0,0.0,1601.98,1507.46,0.0,0.0,0.0,0.0,1507.46,railn_1887,Córdoba
railn_432,Buenos Aires,0.0,140.0,0.0,36.0,34.0,210.0,0.0,70.0,0.0,6.0,6.0,82.0,railn_1891,Córdoba
railn_881,Ciudad Autónoma de Buenos Aires,0.0,460.0,0.0,0.0,2.0,462.0,0.0,202.0,0.0,0.0,2.0,204.0,railn_1891,Córdoba
railn_1289,Santa Fe,8783.76,0.0,0.0,0.0,0.0,8783.76,8457.880000000001,0.0,0.0,0.0,0.0,8457.880000000001,railn_1893,Córdoba
railn_1929,Santa Fe,2965.3,0.0,0.0,0.0,0.0,2965.3,2965.3,0.0,0.0,0.0,0.0,2965.3,railn_1893,Córdoba
railn_2285,Santa Fe,43285.61000000001,0.0,0.0,0.0,0.0,43285.61000000001,12008.770000000002,0.0,0.0,0.0,0.0,12008.770000000002,railn_1893,Córdoba
railn_230,Santa Fe,5858.87,0.0,0.0,0.0,0.0,5858.87,3179.9500000000003,0.0,0.0,0.0,0.0,3179.9500000000003,railn_1893,Córdoba
railn_2379,Santa Fe,3064.88,0.0,0.0,0.0,0.0,3064.88,2985.1000000000004,0.0,0.0,0.0,0.0,2985.1000000000004,railn_1893,Córdoba
railn_432,Buenos Aires,0.0,2764.0,0.0,0.0,4.0,2768.0,0.0,90.0,0.0,0.0,4.0,94.0,railn_1893,Córdoba
railn_881,Ciudad Autónoma de Buenos Aires,0.0,1954.0,0.0,0.0,12.0,1966.0,0.0,114.0,0.0,0.0,12.0,126.0,railn_1893,Córdoba
railn_1929,Santa Fe,3000.0,0.0,0.0,0.0,0.0,3000.0,3000.0,0.0,0.0,0.0,0.0,3000.0,railn_1894,Córdoba
railn_1946,Santa Fe,3000.0,0.0,0.0,0.0,0.0,3000.0,3000.0,0.0,0.0,0.0,0.0,3000.0,railn_1894,Córdoba
railn_2285,Santa Fe,3241.35,0.0,0.0,0.0,0.0,3241.35,3022.62,0.0,0.0,0.0,0.0,3022.62,railn_1894,Córdoba
railn_2379,Santa Fe,1500.0,0.0,0.0,0.0,0.0,1500.0,1500.0,0.0,0.0,0.0,0.0,1500.0,railn_1896,Córdoba
railn_1929,Santa Fe,1551.6,0.0,0.0,0.0,0.0,1551.6,1551.6,0.0,0.0,0.0,0.0,1551.6,railn_1916,Buenos Aires
railn_674,Santa Fe,99.94,0.0,0.0,0.0,0.0,99.94,51.28,0.0,0.0,0.0,0.0,51.28,railn_1929,Santa Fe
railn_1121,Salta,0.0,0.0,0.0,30.0,0.0,30.0,0.0,0.0,0.0,30.0,0.0,30.0,railn_1934,Córdoba
railn_1849,Ciudad Autónoma de Buenos Aires,0.0,0.0,0.0,624.0,0.0,624.0,0.0,0.0,0.0,338.0,0.0,338.0,railn_1934,Córdoba
railn_746,Santa Fe,0.0,0.0,700.0,0.0,0.0,700.0,0.0,0.0,700.0,0.0,0.0,700.0,railn_1937,Buenos Aires
railn_1891,Córdoba,0.0,0.0,0.0,216.31,0.0,216.31,0.0,0.0,0.0,156.61,0.0,156.61,railn_1939,Buenos Aires
railn_278,Córdoba,0.0,0.0,0.0,1455.88,0.0,1455.88,0.0,0.0,0.0,593.37,0.0,593.37,railn_1939,Buenos Aires
railn_429,Mendoza,53.36,80.0,1050.0,1003.4,419.96,2606.7200000000003,53.36,80.0,800.0,568.0,11.6,1512.96,railn_1939,Buenos Aires
railn_814,Buenos Aires,0.0,0.0,0.0,2716.96,0.0,2716.96,0.0,0.0,0.0,1157.38,0.0,1157.38,railn_1939,Buenos Aires
railn_1025,Tucumán,0.0,0.0,410.0,0.0,0.0,410.0,0.0,0.0,320.0,0.0,0.0,320.0,railn_1946,Santa Fe
railn_1203,Santa Fe,1068.0,0.0,0.0,0.0,0.0,1068.0,1068.0,0.0,0.0,0.0,0.0,1068.0,railn_1946,Santa Fe
railn_1289,Santa Fe,1091.0,0.0,0.0,0.0,0.0,1091.0,1091.0,0.0,0.0,0.0,0.0,1091.0,railn_1946,Santa Fe
railn_674,Santa Fe,1464.5,0.0,0.0,0.0,0.0,1464.5,783.0,0.0,0.0,0.0,0.0,783.0,railn_1946,Santa Fe
railn_1289,Santa Fe,3119.48,0.0,0.0,0.0,0.0,3119.48,3119.48,0.0,0.0,0.0,0.0,3119.48,railn_1960,Santa Fe
railn_1893,Córdoba,2121.18,0.0,0.0,0.0,0.0,2121.18,1544.68,0.0,0.0,0.0,0.0,1544.68,railn_1960,Santa Fe
railn_1929,Santa Fe,3153.62,0.0,0.0,0.0,0.0,3153.62,3153.62,0.0,0.0,0.0,0.0,3153.62,railn_1960,Santa Fe
railn_1958,Santa Fe,34.02,0.0,0.0,0.0,0.0,34.02,34.02,0.0,0.0,0.0,0.0,34.02,railn_1960,Santa Fe
railn_2285,Santa Fe,19454.5,0.0,0.0,0.0,0.0,19454.5,9307.739999999998,0.0,0.0,0.0,0.0,9307.739999999998,railn_1960,Santa Fe
railn_2379,Santa Fe,2988.92,0.0,0.0,0.0,0.0,2988.92,2988.92,0.0,0.0,0.0,0.0,2988.92,railn_1960,Santa Fe
railn_1289,Santa Fe,3291.05,0.0,0.0,0.0,0.0,3291.05,3138.7,0.0,0.0,0.0,0.0,3138.7,railn_1961,Santiago del Estero
railn_1929,Santa Fe,3333.45,0.0,0.0,0.0,0.0,3333.45,3333.45,0.0,0.0,0.0,0.0,3333.45,railn_1961,Santiago del Estero
railn_1946,Santa Fe,19287.64,0.0,0.0,0.0,0.0,19287.64,18507.8,0.0,0.0,0.0,0.0,18507.8,railn_1961,Santiago del Estero
railn_2285,Santa Fe,3230.78,0.0,0.0,0.0,0.0,3230.78,2993.34,0.0,0.0,0.0,0.0,2993.34,railn_1961,Santiago del Estero
railn_1929,Santa Fe,973.7,0.0,0.0,0.0,0.0,973.7,973.7,0.0,0.0,0.0,0.0,973.7,railn_1984,Santa Fe
railn_1946,Santa Fe,2421.8,0.0,0.0,0.0,0.0,2421.8,2362.72,0.0,0.0,0.0,0.0,2362.72,railn_1984,Santa Fe
railn_2379,Santa Fe,1107.82,0.0,0.0,0.0,0.0,1107.82,1107.82,0.0,0.0,0.0,0.0,1107.82,railn_1984,Santa Fe
railn_1386,Santa Fe,1433.92,0.0,0.0,0.0,0.0,1433.92,1356.1,0.0,0.0,0.0,0.0,1356.1,railn_2010,Buenos Aires
railn_1682,Buenos Aires,2819.62,0.0,0.0,0.0,0.0,2819.62,1357.71,0.0,0.0,0.0,0.0,1357.71,railn_2010,Buenos Aires
railn_1682,Buenos Aires,1424.72,0.0,0.0,0.0,0.0,1424.72,1424.72,0.0,0.0,0.0,0.0,1424.72,railn_204,Buenos Aires
railn_1767,Buenos Aires,990.88,0.0,0.0,0.0,0.0,990.88,917.86,0.0,0.0,0.0,0.0,917.86,railn_204,Buenos Aires
railn_1682,Buenos Aires,1746.8400000000001,0.0,0.0,0.0,0.0,1746.8400000000001,895.94,0.0,0.0,0.0,0.0,895.94,railn_208,Buenos Aires
railn_1690,Neuquén,0.0,0.0,641.64,0.0,0.0,641.64,0.0,0.0,349.632,0.0,0.0,349.632,railn_208,Buenos Aires
railn_1714,Río Negro,0.0,0.0,160.0,0.0,0.0,160.0,0.0,0.0,40.0,0.0,0.0,40.0,railn_208,Buenos Aires
railn_1682,Buenos Aires,3754.3599999999997,0.0,0.0,0.0,0.0,3754.3599999999997,397.4,0.0,0.0,0.0,0.0,397.4,railn_214,La Pampa
railn_1289,Santa Fe,669.96,0.0,0.0,0.0,0.0,669.96,669.96,0.0,0.0,0.0,0.0,669.96,railn_217,Santa Fe
railn_2285,Santa Fe,1479.6,0.0,0.0,0.0,0.0,1479.6,1479.6,0.0,0.0,0.0,0.0,1479.6,railn_217,Santa Fe
railn_1386,Santa Fe,996.9,0.0,0.0,0.0,0.0,996.9,927.9,0.0,0.0,0.0,0.0,927.9,railn_22,La Pampa
railn_1682,Buenos Aires,3186.8199999999997,0.0,0.0,0.0,0.0,3186.8199999999997,731.54,0.0,0.0,0.0,0.0,731.54,railn_22,La Pampa
railn_205,Santa Fe,480.3,0.0,0.0,0.0,0.0,480.3,480.3,0.0,0.0,0.0,0.0,480.3,railn_22,La Pampa
railn_846,Buenos Aires,0.0,0.0,0.0,4700.72,0.0,4700.72,0.0,0.0,0.0,74.97999999999999,0.0,74.97999999999999,railn_2205,Buenos Aires
railn_1946,Santa Fe,1563.82,0.0,0.0,0.0,0.0,1563.82,1563.82,0.0,0.0,0.0,0.0,1563.82,railn_222,Buenos Aires
railn_1289,Santa Fe,1311.8,0.0,0.0,0.0,0.0,1311.8,1269.26,0.0,0.0,0.0,0.0,1269.26,railn_224,Buenos Aires
railn_1930,Santa Fe,1302.96,0.0,0.0,0.0,0.0,1302.96,1302.96,0.0,0.0,0.0,0.0,1302.96,railn_224,Buenos Aires
railn_1930,Santa Fe,2405.24,0.0,0.0,0.0,0.0,2405.24,1749.3000000000002,0.0,0.0,0.0,0.0,1749.3000000000002,railn_225,Buenos Aires
railn_1055,Tucumán,0.0,26.6,0.0,0.0,78.4,105.0,0.0,26.6,0.0,0.0,27.58,54.18,railn_230,Santa Fe
railn_1289,Santa Fe,2778.4,0.0,0.0,0.0,0.0,2778.4,2495.62,0.0,0.0,0.0,0.0,2495.62,railn_230,Santa Fe
railn_1386,Santa Fe,0.0,0.0,0.0,859.73,0.0,859.73,0.0,0.0,0.0,547.6,0.0,547.6,railn_230,Santa Fe
railn_1893,Córdoba,1079.76,0.0,0.0,0.0,60.0,1139.76,999.1,0.0,0.0,0.0,60.0,1059.1,railn_230,Santa Fe
railn_2285,Santa Fe,1430.3,0.0,0.0,0.0,0.0,1430.3,1232.23,0.0,0.0,0.0,0.0,1232.23,railn_230,Santa Fe
railn_432,Buenos Aires,0.0,525.0,0.0,0.0,0.0,525.0,0.0,525.0,0.0,0.0,0.0,525.0,railn_230,Santa Fe
railn_674,Santa Fe,109.2,0.0,0.0,0.0,0.0,109.2,109.2,0.0,0.0,0.0,0.0,109.2,railn_230,Santa Fe
railn_1289,Santa Fe,1160.0,0.0,0.0,0.0,0.0,1160.0,1028.0,0.0,0.0,0.0,0.0,1028.0,railn_2343,Santiago del Estero
railn_2285,Santa Fe,1107.82,0.0,0.0,0.0,0.0,1107.82,1107.82,0.0,0.0,0.0,0.0,1107.82,railn_2379,Santa Fe
railn_368,Santa Fe,1577.56,0.0,50.0,0.0,0.0,1627.56,1577.56,0.0,50.0,0.0,0.0,1627.56,railn_239,Santa Fe
railn_1289,Santa Fe,3198.8,0.0,0.0,0.0,0.0,3198.8,3027.3999999999996,0.0,0.0,0.0,0.0,3027.3999999999996,railn_240,Santiago del Estero
railn_1929,Santa Fe,3395.74,0.0,0.0,0.0,0.0,3395.74,3142.2200000000003,0.0,0.0,0.0,0.0,3142.2200000000003,railn_240,Santiago del Estero
railn_1946,Santa Fe,6483.879999999999,0.0,0.0,0.0,0.0,6483.879999999999,2639.62,0.0,0.0,0.0,0.0,2639.62,railn_240,Santiago del Estero
railn_2285,Santa Fe,17295.78,0.0,0.0,0.0,0.0,17295.78,5324.17,0.0,0.0,0.0,0.0,5324.17,railn_240,Santiago del Estero
railn_368,Santa Fe,1180.3,0.0,0.0,0.0,0.0,1180.3,1150.9,0.0,0.0,0.0,0.0,1150.9,railn_241,Santa Fe
railn_746,Santa Fe,1224.55,0.0,0.0,0.0,0.0,1224.55,1224.55,0.0,0.0,0.0,0.0,1224.55,railn_241,Santa Fe
railn_703,Corrientes,112.0,140.0,6157.0,168.0,0.0,6577.0,56.0,50.0,754.0,56.0,0.0,916.0,railn_2461,Corrientes
railn_679,Entre Ríos,0.0,0.0,150.0,0.0,29.02,179.02,0.0,0.0,150.0,0.0,29.02,179.02,railn_2503,Entre Ríos
railn_172,San Juan,0.0,0.0,750.0,0.0,0.0,750.0,0.0,0.0,750.0,0.0,0.0,750.0,railn_2505,Mendoza
railn_429,Mendoza,0.0,0.0,1100.0,1750.0,0.0,2850.0,0.0,0.0,1100.0,300.0,0.0,1400.0,railn_2505,Mendoza
railn_429,Mendoza,0.0,0.0,2171.94,0.0,151.0,2322.94,0.0,0.0,60.0,0.0,151.0,211.0,railn_2519,Mendoza
railn_1893,Córdoba,5991.63,0.0,0.0,0.0,0.0,5991.63,2688.32,0.0,0.0,0.0,0.0,2688.32,railn_252,Córdoba
railn_1929,Santa Fe,2987.9,0.0,0.0,0.0,0.0,2987.9,2846.21,0.0,0.0,0.0,0.0,2846.21,railn_252,Córdoba
railn_2285,Santa Fe,24337.870000000003,0.0,0.0,0.0,0.0,24337.870000000003,13013.710000000001,0.0,0.0,0.0,0.0,13013.710000000001,railn_252,Córdoba
railn_2379,Santa Fe,3008.71,0.0,0.0,0.0,0.0,3008.71,2979.38,0.0,0.0,0.0,0.0,2979.38,railn_252,Córdoba
railn_68,Santa Fe,3023.79,0.0,0.0,0.0,0.0,3023.79,3023.79,0.0,0.0,0.0,0.0,3023.79,railn_252,Córdoba
railn_1289,Santa Fe,2969.4,0.0,0.0,0.0,0.0,2969.4,2868.42,0.0,0.0,0.0,0.0,2868.42,railn_254,Córdoba
railn_1893,Córdoba,1500.0,0.0,0.0,0.0,0.0,1500.0,1500.0,0.0,0.0,0.0,0.0,1500.0,railn_254,Córdoba
railn_1930,Santa Fe,2978.7,0.0,0.0,0.0,0.0,2978.7,2914.3199999999997,0.0,0.0,0.0,0.0,2914.3199999999997,railn_254,Córdoba
railn_2285,Santa Fe,1500.0,0.0,0.0,0.0,0.0,1500.0,1493.82,0.0,0.0,0.0,0.0,1493.82,railn_254,Córdoba
railn_162,Buenos Aires,1441.5,0.0,0.0,0.0,0.0,1441.5,1441.5,0.0,0.0,0.0,0.0,1441.5,railn_2549,Buenos Aires
railn_86,Buenos Aires,0.0,0.0,941.1,0.0,0.0,941.1,0.0,0.0,941.1,0.0,0.0,941.1,railn_255,Buenos Aires
railn_1712,Río Negro,0.0,0.0,1588.33,0.0,0.0,1588.33,0.0,0.0,108.07,0.0,0.0,108.07,railn_273,Buenos Aires
railn_388,San Luis,0.0,0.0,0.0,0.0,5.0,5.0,0.0,0.0,0.0,0.0,5.0,5.0,railn_273,Buenos Aires
railn_429,Mendoza,0.0,232.0,350.0,2332.27,241.0,3155.27,0.0,11.0,100.0,197.06,4.6,312.65999999999997,railn_273,Buenos Aires
railn_619,Buenos Aires,0.0,2550.0,0.0,0.0,0.0,2550.0,0.0,2550.0,0.0,0.0,0.0,2550.0,railn_273,Buenos Aires
railn_784,Buenos Aires,0.0,0.0,2458.5600000000004,0.0,100.0,2558.5600000000004,0.0,0.0,655.54,0.0,20.0,675.54,railn_273,Buenos Aires
railn_86,Buenos Aires,0.0,0.0,0.0,315.0,0.0,315.0,0.0,0.0,0.0,315.0,0.0,315.0,railn_273,Buenos Aires
railn_906,Buenos Aires,0.0,0.0,500.0,0.0,0.0,500.0,0.0,0.0,50.0,0.0,0.0,50.0,railn_273,Buenos Aires
railn_2295,Santa Fe,0.0,0.0,1196.0,0.0,0.0,1196.0,0.0,0.0,176.0,0.0,0.0,176.0,railn_278,Córdoba
railn_162,Buenos Aires,133.18,0.0,0.0,0.0,0.0,133.18,133.18,0.0,0.0,0.0,0.0,133.18,railn_279,Buenos Aires
railn_1386,Santa Fe,8936.92,0.0,0.0,0.0,0.0,8936.92,4424.12,0.0,0.0,0.0,0.0,4424.12,railn_317,Córdoba
railn_1682,Buenos Aires,7688.880000000001,0.0,0.0,0.0,0.0,7688.880000000001,2415.16,0.0,0.0,0.0,0.0,2415.16,railn_317,Córdoba
railn_368,Santa Fe,2883.12,0.0,0.0,0.0,0.0,2883.12,1326.7,0.0,0.0,0.0,0.0,1326.7,railn_317,Córdoba
railn_365,Buenos Aires,0.0,0.0,1583.8,0.0,0.0,1583.8,0.0,0.0,456.0,0.0,0.0,456.0,railn_322,Buenos Aires
railn_1712,Río Negro,0.0,0.0,652.58,0.0,0.0,652.58,0.0,0.0,275.51,0.0,0.0,275.51,railn_35,Buenos Aires
railn_162,Buenos Aires,2910.98,0.0,0.0,0.0,0.0,2910.98,2833.5299999999997,0.0,0.0,0.0,0.0,2833.5299999999997,railn_356,Buenos Aires
railn_162,Buenos Aires,0.0,0.0,250.0,0.0,0.0,250.0,0.0,0.0,250.0,0.0,0.0,250.0,railn_360,Buenos Aires
railn_368,Santa Fe,1519.5,0.0,0.0,218.0,5.0,1742.5,1332.92,0.0,0.0,218.0,5.0,1555.92,railn_362,Buenos Aires
railn_162,Buenos Aires,2801.5,0.0,4257.58,1750.0,20.0,8829.08,2801.5,0.0,597.3,1700.0,1.0,5099.8,railn_368,Santa Fe
railn_1939,Buenos Aires,0.0,0.0,1400.0,0.0,0.0,1400.0,0.0,0.0,1400.0,0.0,0.0,1400.0,railn_368,Santa Fe
railn_374,Córdoba,0.0,0.0,750.0,0.0,0.0,750.0,0.0,0.0,750.0,0.0,0.0,750.0,railn_368,Santa Fe
railn_388,San Luis,0.0,0.0,0.0,0.0,30.0,30.0,0.0,0.0,0.0,0.0,30.0,30.0,railn_368,Santa Fe
railn_429,Mendoza,0.0,0.0,700.0,0.0,468.0,1168.0,0.0,0.0,700.0,0.0,468.0,1168.0,railn_368,Santa Fe
railn_646,Santa Fe,2781.24,0.0,0.0,0.0,0.0,2781.24,2781.24,0.0,0.0,0.0,0.0,2781.24,railn_368,Santa Fe
railn_656,Santa Fe,0.0,0.0,200.0,0.0,0.0,200.0,0.0,0.0,200.0,0.0,0.0,200.0,railn_368,Santa Fe
railn_674,Santa Fe,8136.08,0.0,0.0,0.0,30.0,8166.08,3360.9599999999996,0.0,0.0,0.0,30.0,3390.9599999999996,railn_368,Santa Fe
railn_68,Santa Fe,2850.9,0.0,0.0,0.0,0.0,2850.9,1326.7,0.0,0.0,0.0,0.0,1326.7,railn_368,Santa Fe
railn_746,Santa Fe,5102.450000000001,0.0,300.0,0.0,0.0,5402.450000000001,1498.0,0.0,300.0,0.0,0.0,1798.0,railn_368,Santa Fe
railn_162,Buenos Aires,3016.94,0.0,1250.0,0.0,0.0,4266.9400000000005,1492.02,0.0,1250.0,0.0,0.0,2742.02,railn_374,Córdoba
railn_368,Santa Fe,0.0,0.0,1500.0,0.0,0.0,1500.0,0.0,0.0,1500.0,0.0,0.0,1500.0,railn_374,Córdoba
railn_388,San Luis,0.0,0.0,0.0,0.0,10.0,10.0,0.0,0.0,0.0,0.0,10.0,10.0,railn_374,Córdoba
railn_429,Mendoza,0.0,17.0,0.0,211.2,100.0,328.2,0.0,17.0,0.0,211.2,100.0,328.2,railn_374,Córdoba
railn_674,Santa Fe,7515.39,0.0,500.0,0.0,5.0,8020.39,1508.8600000000001,0.0,500.0,0.0,5.0,2013.8600000000001,railn_374,Córdoba
railn_746,Santa Fe,4437.92,0.0,0.0,0.0,0.0,4437.92,1203.8799999999999,0.0,0.0,0.0,0.0,1203.8799999999999,railn_374,Córdoba
railn_86,Buenos Aires,0.0,0.0,1250.0,60.44,0.0,1310.44,0.0,0.0,1250.0,60.44,0.0,1310.44,railn_374,Córdoba
railn_368,Santa Fe,1513.54,0.0,0.0,0.0,0.0,1513.54,1513.54,0.0,0.0,0.0,0.0,1513.54,railn_376,Córdoba
railn_374,Córdoba,4582.799999999999,0.0,0.0,0.0,0.0,4582.799999999999,709.34,0.0,0.0,0.0,0.0,709.34,railn_376,Córdoba
railn_388,San Luis,0.0,0.0,750.0,0.0,0.0,750.0,0.0,0.0,750.0,0.0,0.0,750.0,railn_376,Córdoba
railn_674,Santa Fe,4416.58,0.0,0.0,50.0,0.0,4466.58,991.12,0.0,0.0,50.0,0.0,1041.12,railn_376,Córdoba
railn_746,Santa Fe,3305.5,0.0,0.0,0.0,0.0,3305.5,1796.76,0.0,0.0,0.0,0.0,1796.76,railn_376,Córdoba
railn_388,San Luis,0.0,0.0,100.86,25.0,0.0,125.86,0.0,0.0,100.86,25.0,0.0,125.86,railn_384,Córdoba
railn_388,San Luis,0.0,0.0,0.0,0.0,50.55,50.55,0.0,0.0,0.0,0.0,50.55,50.55,railn_386,Córdoba
railn_374,Córdoba,2961.7799999999997,0.0,1500.0,0.0,0.0,4461.78,2875.62,0.0,750.0,0.0,0.0,3625.62,railn_388,San Luis
railn_386,Córdoba,0.0,0.0,0.0,0.0,50.55,50.55,0.0,0.0,0.0,0.0,50.55,50.55,railn_388,San Luis
railn_429,Mendoza,0.0,0.0,750.0,0.0,0.0,750.0,0.0,0.0,600.0,0.0,0.0,600.0,railn_388,San Luis
railn_585,San Luis,0.0,132.24,0.0,960.0,7.2,1099.44,0.0,33.11,0.0,20.0,1.0,54.11,railn_388,San Luis
railn_646,Santa Fe,0.0,0.0,1900.0,0.0,1150.0,3050.0,0.0,0.0,700.0,0.0,500.0,1200.0,railn_388,San Luis
railn_674,Santa Fe,7286.460000000001,0.0,0.0,0.0,25.0,7311.460000000001,902.48,0.0,0.0,0.0,25.0,927.48,railn_388,San Luis
railn_746,Santa Fe,6800.9,0.0,0.0,0.0,50.05,6850.950000000001,1192.96,0.0,0.0,0.0,25.0,1217.96,railn_388,San Luis
railn_86,Buenos Aires,0.0,701.82,1950.0,0.0,204.3,2856.12,0.0,56.0,1100.0,0.0,2.0,1158.0,railn_388,San Luis
railn_1386,Santa Fe,2795.8199999999997,0.0,0.0,0.0,0.0,2795.8199999999997,2586.92,0.0,0.0,0.0,0.0,2586.92,railn_407,Buenos Aires
railn_1449,Buenos Aires,1469.48,0.0,0.0,0.0,0.0,1469.48,1368.36,0.0,0.0,0.0,0.0,1368.36,railn_407,Buenos Aires
railn_1682,Buenos Aires,9103.560000000001,0.0,0.0,0.0,0.0,9103.560000000001,2719.1,0.0,0.0,0.0,0.0,2719.1,railn_407,Buenos Aires
railn_172,San Juan,0.0,0.0,3150.0,0.0,150.0,3300.0,0.0,0.0,950.0,0.0,2.0,952.0,railn_429,Mendoza
railn_1939,Buenos Aires,53.36,0.0,8241.9,150.0,201.49,8646.75,53.36,0.0,347.3,150.0,1.0,551.6600000000001,railn_429,Mendoza
railn_2519,Mendoza,0.0,0.0,100.0,0.0,151.0,251.0,0.0,0.0,100.0,0.0,151.0,251.0,railn_429,Mendoza
railn_273,Buenos Aires,343.5,340.65,5336.01,1807.27,576.44,8403.869999999999,343.5,2.4,178.07,47.22,1.0,572.19,railn_429,Mendoza
railn_423,Mendoza,0.0,0.0,800.0,0.0,0.0,800.0,0.0,0.0,650.0,0.0,0.0,650.0,railn_429,Mendoza
railn_433,Mendoza,0.0,0.0,0.0,0.0,232.0,232.0,0.0,0.0,0.0,0.0,232.0,232.0,railn_429,Mendoza
railn_439,Mendoza,0.0,0.0,650.0,0.0,85.0,735.0,0.0,0.0,150.0,0.0,50.0,200.0,railn_429,Mendoza
railn_443,Mendoza,0.0,0.0,0.0,0.0,252.16,252.16,0.0,0.0,0.0,0.0,252.16,252.16,railn_429,Mendoza
railn_453,San Juan,0.0,0.0,850.0,0.0,0.0,850.0,0.0,0.0,650.0,0.0,0.0,650.0,railn_429,Mendoza
railn_469,Mendoza,0.0,0.0,550.0,450.0,0.0,1000.0,0.0,0.0,150.0,135.0,0.0,285.0,railn_429,Mendoza
railn_491,Mendoza,0.0,0.0,1250.0,0.0,300.0,1550.0,0.0,0.0,100.0,0.0,50.35,150.35,railn_429,Mendoza
railn_746,Santa Fe,0.0,0.0,835.6,2600.0,0.0,3435.6,0.0,0.0,197.3,1550.0,0.0,1747.3,railn_429,Mendoza
railn_86,Buenos Aires,0.0,0.0,2548.37,381.41,202.29,3132.07,0.0,0.0,1848.37,300.06,7.2,2155.63,railn_429,Mendoza
railn_995,Mendoza,0.0,0.0,0.0,0.0,25.0,25.0,0.0,0.0,0.0,0.0,10.0,10.0,railn_429,Mendoza
railn_1055,Tucumán,0.0,326.0,0.0,0.0,282.0,608.0,0.0,108.0,0.0,0.0,20.0,128.0,railn_432,Buenos Aires
railn_179,Santa Fe,0.0,0.0,0.0,0.0,180.0,180.0,0.0,0.0,0.0,0.0,8.0,8.0,railn_432,Buenos Aires
railn_1875,Córdoba,0.0,253.0,0.0,0.0,240.0,493.0,0.0,137.0,0.0,0.0,24.0,161.0,railn_432,Buenos Aires
railn_1891,Córdoba,0.0,957.0,0.0,0.0,0.0,957.0,0.0,78.0,0.0,0.0,0.0,78.0,railn_432,Buenos Aires
railn_1893,Córdoba,0.0,548.0,0.0,0.0,214.0,762.0,0.0,162.0,0.0,0.0,8.0,170.0,railn_432,Buenos Aires
railn_230,Santa Fe,0.0,0.0,0.0,0.0,4.0,4.0,0.0,0.0,0.0,0.0,4.0,4.0,railn_432,Buenos Aires
railn_429,Mendoza,0.0,0.0,177.08,0.0,232.0,409.08000000000004,0.0,0.0,137.6,0.0,232.0,369.6,railn_433,Mendoza
railn_429,Mendoza,0.0,0.0,1250.0,0.0,0.0,1250.0,0.0,0.0,650.0,0.0,0.0,650.0,railn_439,Mendoza
railn_172,San Juan,0.0,0.0,1400.0,0.0,0.0,1400.0,0.0,0.0,750.0,0.0,0.0,750.0,railn_445,San Juan
railn_1289,Santa Fe,4751.0,0.0,0.0,0.0,0.0,4751.0,2435.0,0.0,0.0,0.0,0.0,2435.0,railn_446,Córdoba
railn_1289,Santa Fe,1073.0,0.0,0.0,0.0,0.0,1073.0,1012.0,0.0,0.0,0.0,0.0,1012.0,railn_448,Córdoba
railn_1946,Santa Fe,2155.0,0.0,0.0,0.0,0.0,2155.0,2068.0,0.0,0.0,0.0,0.0,2068.0,railn_448,Córdoba
railn_646,Santa Fe,0.0,0.0,0.0,0.0,150.0,150.0,0.0,0.0,0.0,0.0,150.0,150.0,railn_4505,Santa Fe
railn_172,San Juan,0.0,0.0,3594.25,0.0,0.0,3594.25,0.0,0.0,298.78000000000003,0.0,0.0,298.78000000000003,railn_453,San Juan
railn_429,Mendoza,0.0,0.0,2747.3,0.0,8.0,2755.3,0.0,0.0,796.54,0.0,8.0,804.54,railn_453,San Juan
railn_2285,Santa Fe,1448.63,0.0,0.0,0.0,0.0,1448.63,1448.63,0.0,0.0,0.0,0.0,1448.63,railn_46,Córdoba
railn_429,Mendoza,0.0,0.0,750.0,0.0,0.0,750.0,0.0,0.0,750.0,0.0,0.0,750.0,railn_473,Mendoza
railn_429,Mendoza,0.0,0.0,1300.0,0.0,0.0,1300.0,0.0,0.0,550.0,0.0,0.0,550.0,railn_479,Mendoza
railn_429,Mendoza,0.0,0.0,500.0,0.0,0.0,500.0,0.0,0.0,300.0,0.0,0.0,300.0,railn_491,Mendoza
railn_610,Corrientes,125.0,0.0,0.0,576.0,80.0,781.0,125.0,0.0,0.0,220.0,40.0,385.0,railn_516,Entre Ríos
railn_616,Entre Ríos,0.0,0.0,0.0,0.0,37.0,37.0,0.0,0.0,0.0,0.0,37.0,37.0,railn_516,Entre Ríos
railn_620,Entre Ríos,0.0,0.0,450.0,0.0,8.0,458.0,0.0,0.0,450.0,0.0,8.0,458.0,railn_516,Entre Ríos
railn_679,Entre Ríos,0.0,0.0,1112.0,0.0,0.0,1112.0,0.0,0.0,1112.0,0.0,0.0,1112.0,railn_516,Entre Ríos
railn_697,Entre Ríos,1020.0,0.0,200.0,0.0,0.0,1220.0,720.0,0.0,200.0,0.0,0.0,920.0,railn_516,Entre Ríos
railn_703,Corrientes,325.0,12.0,500.0,544.0,16.0,1397.0,175.0,12.0,150.0,220.0,8.0,565.0,railn_516,Entre Ríos
railn_722,Entre Ríos,0.0,0.0,0.0,0.0,58.0,58.0,0.0,0.0,0.0,0.0,8.0,8.0,railn_516,Entre Ríos
railn_726,Buenos Aires,0.0,0.0,222.0,0.0,0.0,222.0,0.0,0.0,222.0,0.0,0.0,222.0,railn_516,Entre Ríos
railn_598,Misiones,0.0,0.0,0.0,768.0,0.0,768.0,0.0,0.0,0.0,416.0,0.0,416.0,railn_551,Misiones
railn_703,Corrientes,900.0,0.0,0.0,524.7,108.0,1532.7,330.0,0.0,0.0,524.7,1.0,855.7,railn_551,Misiones
railn_726,Buenos Aires,0.0,0.0,0.0,0.0,5.0,5.0,0.0,0.0,0.0,0.0,5.0,5.0,railn_551,Misiones
railn_703,Corrientes,0.0,0.0,168.0,0.0,0.0,168.0,0.0,0.0,168.0,0.0,0.0,168.0,railn_581,Corrientes
railn_388,San Luis,3040.88,701.82,0.0,480.0,0.0,4222.700000000001,2539.79,6.0,0.0,480.0,0.0,3025.79,railn_585,San Luis
railn_374,Córdoba,2761.8199999999997,0.0,0.0,0.0,0.0,2761.8199999999997,2615.02,0.0,0.0,0.0,0.0,2615.02,railn_587,Córdoba
railn_674,Santa Fe,4103.36,0.0,0.0,0.0,0.0,4103.36,2737.1499999999996,0.0,0.0,0.0,0.0,2737.1499999999996,railn_587,Córdoba
railn_68,Santa Fe,2702.5,0.0,0.0,0.0,0.0,2702.5,2702.5,0.0,0.0,0.0,0.0,2702.5,railn_587,Córdoba
railn_746,Santa Fe,2715.96,0.0,0.0,0.0,0.0,2715.96,2715.96,0.0,0.0,0.0,0.0,2715.96,railn_587,Córdoba
railn_1849,Ciudad Autónoma de Buenos Aires,0.0,0.0,0.0,300.0,0.0,300.0,0.0,0.0,0.0,300.0,0.0,300.0,railn_595,Ciudad Autónoma de Buenos Aires
railn_1925,Buenos Aires,1572.7,0.0,0.0,0.0,0.0,1572.7,1572.7,0.0,0.0,0.0,0.0,1572.7,railn_60,Córdoba
railn_1929,Santa Fe,1629.7,0.0,0.0,0.0,0.0,1629.7,1628.2,0.0,0.0,0.0,0.0,1628.2,railn_60,Córdoba
railn_1930,Santa Fe,1638.6,0.0,0.0,0.0,0.0,1638.6,1638.6,0.0,0.0,0.0,0.0,1638.6,railn_60,Córdoba
railn_1946,Santa Fe,1593.8,0.0,0.0,0.0,0.0,1593.8,1593.8,0.0,0.0,0.0,0.0,1593.8,railn_60,Córdoba
railn_2285,Santa Fe,4671.64,0.0,0.0,0.0,0.0,4671.64,4600.62,0.0,0.0,0.0,0.0,4600.62,railn_60,Córdoba
railn_2379,Santa Fe,1575.8,0.0,0.0,0.0,0.0,1575.8,1575.8,0.0,0.0,0.0,0.0,1575.8,railn_60,Córdoba
railn_516,Entre Ríos,0.0,0.0,25.0,0.0,28.0,53.0,0.0,0.0,25.0,0.0,28.0,53.0,railn_606,Corrientes
railn_516,Entre Ríos,990.0,0.0,25.0,0.0,0.0,1015.0,930.0,0.0,25.0,0.0,0.0,955.0,railn_610,Corrientes
railn_551,Misiones,0.0,0.0,0.0,800.0,0.0,800.0,0.0,0.0,0.0,500.0,0.0,500.0,railn_610,Corrientes
railn_697,Entre Ríos,720.0,0.0,0.0,0.0,0.0,720.0,720.0,0.0,0.0,0.0,0.0,720.0,railn_610,Corrientes
railn_703,Corrientes,750.0,0.0,0.0,0.0,0.0,750.0,630.0,0.0,0.0,0.0,0.0,630.0,railn_610,Corrientes
railn_703,Corrientes,0.0,0.0,0.0,220.0,0.0,220.0,0.0,0.0,0.0,88.0,0.0,88.0,railn_612,Corrientes
railn_1386,Santa Fe,3358.54,0.0,0.0,0.0,0.0,3358.54,2920.6099999999997,0.0,0.0,0.0,0.0,2920.6099999999997,railn_615,Buenos Aires
railn_1386,Santa Fe,835.48,0.0,0.0,0.0,0.0,835.48,835.48,0.0,0.0,0.0,0.0,835.48,railn_619,Buenos Aires
railn_1929,Santa Fe,1560.0,0.0,0.0,0.0,0.0,1560.0,533.85,0.0,0.0,0.0,0.0,533.85,railn_62,Córdoba
railn_1930,Santa Fe,1618.04,0.0,0.0,0.0,0.0,1618.04,1589.37,0.0,0.0,0.0,0.0,1589.37,railn_62,Córdoba
railn_1946,Santa Fe,3202.8,0.0,0.0,0.0,0.0,3202.8,3054.0699999999997,0.0,0.0,0.0,0.0,3054.0699999999997,railn_62,Córdoba
railn_2379,Santa Fe,1521.52,0.0,0.0,0.0,0.0,1521.52,1521.52,0.0,0.0,0.0,0.0,1521.52,railn_62,Córdoba
railn_516,Entre Ríos,0.0,0.0,450.0,0.0,8.0,458.0,0.0,0.0,450.0,0.0,8.0,458.0,railn_620,Entre Ríos
railn_1289,Santa Fe,3193.44,0.0,0.0,0.0,0.0,3193.44,796.92,0.0,0.0,0.0,0.0,796.92,railn_64,Córdoba
railn_1925,Buenos Aires,4690.28,0.0,0.0,0.0,0.0,4690.28,3272.08,0.0,0.0,0.0,0.0,3272.08,railn_64,Córdoba
railn_2285,Santa Fe,4878.38,0.0,0.0,0.0,0.0,4878.38,3051.8,0.0,0.0,0.0,0.0,3051.8,railn_64,Córdoba
railn_162,Buenos Aires,0.0,0.0,0.0,100.0,25.0,125.0,0.0,0.0,0.0,100.0,25.0,125.0,railn_646,Santa Fe
railn_4505,Santa Fe,0.0,0.0,0.0,0.0,150.0,150.0,0.0,0.0,0.0,0.0,150.0,150.0,railn_646,Santa Fe
railn_674,Santa Fe,1574.72,0.0,0.0,1933.74,659.45,4167.91,1520.0,0.0,0.0,1933.74,659.45,4113.1900000000005,railn_646,Santa Fe
railn_746,Santa Fe,8603.57,0.0,0.0,0.0,200.0,8803.57,5031.54,0.0,0.0,0.0,8.0,5039.54,railn_646,Santa Fe
railn_748,Santa Fe,0.0,0.0,0.0,0.0,75.0,75.0,0.0,0.0,0.0,0.0,75.0,75.0,railn_646,Santa Fe
railn_98,Santa Fe,0.0,0.0,1900.0,0.0,0.0,1900.0,0.0,0.0,700.0,0.0,0.0,700.0,railn_646,Santa Fe
railn_1868,Santa Fe,0.0,0.0,400.0,0.0,0.0,400.0,0.0,0.0,400.0,0.0,0.0,400.0,railn_652,Santa Fe
railn_1939,Buenos Aires,0.0,0.0,700.0,50.0,0.0,750.0,0.0,0.0,700.0,50.0,0.0,750.0,railn_656,Santa Fe
railn_376,Córdoba,1356.55,0.0,0.0,0.0,0.0,1356.55,1356.55,0.0,0.0,0.0,0.0,1356.55,railn_656,Santa Fe
railn_68,Santa Fe,2903.82,0.0,0.0,0.0,0.0,2903.82,2903.82,0.0,0.0,0.0,0.0,2903.82,railn_656,Santa Fe
railn_679,Entre Ríos,0.0,0.0,1000.0,0.0,0.0,1000.0,0.0,0.0,1000.0,0.0,0.0,1000.0,railn_673,Entre Ríos
railn_1289,Santa Fe,17656.71,0.0,0.0,2751.74,186.86,20595.309999999998,301.16,0.0,0.0,50.6,186.86,538.62,railn_674,Santa Fe
railn_162,Buenos Aires,0.0,0.0,0.0,50.0,201.49,251.49,0.0,0.0,0.0,50.0,8.0,58.0,railn_674,Santa Fe
railn_168,Córdoba,0.0,0.0,0.0,0.0,8.0,8.0,0.0,0.0,0.0,0.0,8.0,8.0,railn_674,Santa Fe
railn_1929,Santa Fe,5829.78,0.0,0.0,0.0,0.0,5829.78,98.26,0.0,0.0,0.0,0.0,98.26,railn_674,Santa Fe
railn_1930,Santa Fe,4366.12,0.0,0.0,0.0,0.0,4366.12,99.62,0.0,0.0,0.0,0.0,99.62,railn_674,Santa Fe
railn_1946,Santa Fe,4485.32,0.0,0.0,0.0,0.0,4485.32,144.88,0.0,0.0,0.0,0.0,144.88,railn_674,Santa Fe
railn_283,Santa Fe,0.0,0.0,0.0,0.0,40.0,40.0,0.0,0.0,0.0,0.0,40.0,40.0,railn_674,Santa Fe
railn_368,Santa Fe,0.0,0.0,0.0,0.0,40.0,40.0,0.0,0.0,0.0,0.0,20.0,20.0,railn_674,Santa Fe
railn_388,San Luis,0.0,0.0,0.0,0.0,2.0,2.0,0.0,0.0,0.0,0.0,2.0,2.0,railn_674,Santa Fe
railn_429,Mendoza,0.0,0.0,0.0,0.0,38.0,38.0,0.0,0.0,0.0,0.0,38.0,38.0,railn_674,Santa Fe
railn_746,Santa Fe,0.0,0.0,0.0,0.0,5.0,5.0,0.0,0.0,0.0,0.0,5.0,5.0,railn_674,Santa Fe
railn_516,Entre Ríos,0.0,0.0,0.0,544.0,0.0,544.0,0.0,0.0,0.0,544.0,0.0,544.0,railn_679,Entre Ríos
railn_673,Entre Ríos,0.0,0.0,1000.0,0.0,0.0,1000.0,0.0,0.0,1000.0,0.0,0.0,1000.0,railn_679,Entre Ríos
railn_691,Entre Ríos,0.0,0.0,0.0,0.0,1.0,1.0,0.0,0.0,0.0,0.0,1.0,1.0,railn_679,Entre Ríos
railn_726,Buenos Aires,0.0,50.0,353.0,0.0,29.02,432.02,0.0,50.0,353.0,0.0,29.02,432.02,railn_679,Entre Ríos
railn_732,Entre Ríos,0.0,0.0,0.0,0.0,56.0,56.0,0.0,0.0,0.0,0.0,56.0,56.0,railn_679,Entre Ríos
railn_1289,Santa Fe,2895.46,0.0,0.0,0.0,0.0,2895.46,2369.65,0.0,0.0,0.0,0.0,2369.65,railn_68,Santa Fe
railn_1893,Córdoba,1505.89,0.0,0.0,0.0,0.0,1505.89,1471.69,0.0,0.0,0.0,0.0,1471.69,railn_68,Santa Fe
railn_2285,Santa Fe,27675.390000000003,0.0,0.0,0.0,0.0,27675.390000000003,2714.05,0.0,0.0,0.0,0.0,2714.05,railn_68,Santa Fe
railn_230,Santa Fe,1554.78,0.0,0.0,0.0,0.0,1554.78,1441.88,0.0,0.0,0.0,0.0,1441.88,railn_68,Santa Fe
railn_674,Santa Fe,2903.82,0.0,0.0,0.0,0.0,2903.82,2903.82,0.0,0.0,0.0,0.0,2903.82,railn_68,Santa Fe
railn_516,Entre Ríos,0.0,0.0,150.0,0.0,0.0,150.0,0.0,0.0,150.0,0.0,0.0,150.0,railn_687,Entre Ríos
railn_674,Santa Fe,0.0,0.0,0.0,0.0,457.07,457.07,0.0,0.0,0.0,0.0,457.07,457.07,railn_696,Santa Fe
railn_516,Entre Ríos,0.0,0.0,450.0,0.0,0.0,450.0,0.0,0.0,250.0,0.0,0.0,250.0,railn_697,Entre Ríos
railn_1682,Buenos Aires,5393.69,0.0,0.0,0.0,0.0,5393.69,1687.92,0.0,0.0,0.0,0.0,1687.92,railn_7,Buenos Aires
railn_2461,Corrientes,1221.0,188.0,2610.0,554.0,0.0,4573.0,243.0,9.0,556.0,342.0,0.0,1150.0,railn_703,Corrientes
railn_516,Entre Ríos,990.0,0.0,150.0,0.0,54.0,1194.0,720.0,0.0,150.0,0.0,54.0,924.0,railn_703,Corrientes
railn_551,Misiones,0.0,0.0,0.0,956.0,56.4,1012.4,0.0,0.0,0.0,132.0,1.0,133.0,railn_703,Corrientes
railn_581,Corrientes,0.0,0.0,654.0,0.0,0.0,654.0,0.0,0.0,249.0,0.0,0.0,249.0,railn_703,Corrientes
railn_610,Corrientes,0.0,0.0,0.0,224.0,29.46,253.46,0.0,0.0,0.0,220.0,29.46,249.46,railn_703,Corrientes
railn_697,Entre Ríos,990.0,0.0,0.0,0.0,0.0,990.0,720.0,0.0,0.0,0.0,0.0,720.0,railn_703,Corrientes
railn_726,Buenos Aires,112.0,140.0,4783.0,692.7,57.0,5784.7,25.0,50.0,1104.0,227.2,1.0,1407.2,railn_703,Corrientes
railn_516,Entre Ríos,0.0,0.0,0.0,0.0,748.0,748.0,0.0,0.0,0.0,0.0,665.0,665.0,railn_710,Corrientes
railn_606,Corrientes,0.0,0.0,0.0,0.0,308.0,308.0,0.0,0.0,0.0,0.0,308.0,308.0,railn_710,Corrientes
railn_620,Entre Ríos,0.0,0.0,0.0,0.0,658.0,658.0,0.0,0.0,0.0,0.0,28.0,28.0,railn_710,Corrientes
railn_606,Corrientes,0.0,0.0,0.0,0.0,37.0,37.0,0.0,0.0,0.0,0.0,37.0,37.0,railn_711,Entre Ríos
railn_516,Entre Ríos,0.0,0.0,0.0,0.0,120.0,120.0,0.0,0.0,0.0,0.0,120.0,120.0,railn_722,Entre Ríos
railn_516,Entre Ríos,100.0,0.0,300.0,0.0,0.0,400.0,100.0,0.0,300.0,0.0,0.0,400.0,railn_726,Buenos Aires
railn_679,Entre Ríos,0.0,0.0,300.0,0.0,1.0,301.0,0.0,0.0,300.0,0.0,1.0,301.0,railn_726,Buenos Aires
railn_703,Corrientes,1221.0,228.5,2802.0,930.0,243.08,5424.58,243.0,9.0,308.0,210.0,1.0,771.0,railn_726,Buenos Aires
railn_721,Buenos Aires,0.0,0.0,0.0,0.0,8.0,8.0,0.0,0.0,0.0,0.0,8.0,8.0,railn_726,Buenos Aires
railn_881,Ciudad Autónoma de Buenos Aires,0.0,58.0,0.0,0.0,0.0,58.0,0.0,58.0,0.0,0.0,0.0,58.0,railn_726,Buenos Aires
railn_368,Santa Fe,234.5,0.0,0.0,0.0,0.0,234.5,234.5,0.0,0.0,0.0,0.0,234.5,railn_742,Buenos Aires
railn_1939,Buenos Aires,0.0,0.0,3900.0,0.0,1.0,3901.0,0.0,0.0,350.0,0.0,1.0,351.0,railn_746,Santa Fe
railn_230,Santa Fe,2778.4,0.0,0.0,0.0,0.0,2778.4,2495.62,0.0,0.0,0.0,0.0,2495.62,railn_746,Santa Fe
railn_288,Santa Fe,0.0,0.0,589.2,0.0,0.0,589.2,0.0,0.0,147.3,0.0,0.0,147.3,railn_746,Santa Fe
railn_368,Santa Fe,0.0,0.0,700.0,0.0,0.0,700.0,0.0,0.0,700.0,0.0,0.0,700.0,railn_746,Santa Fe
railn_374,Córdoba,0.0,0.0,0.0,0.0,1.0,1.0,0.0,0.0,0.0,0.0,1.0,1.0,railn_746,Santa Fe
railn_388,San Luis,52.0,0.0,0.0,0.0,0.0,52.0,52.0,0.0,0.0,0.0,0.0,52.0,railn_746,Santa Fe
railn_429,Mendoza,0.0,0.0,800.0,0.0,0.0,800.0,0.0,0.0,700.0,0.0,0.0,700.0,railn_746,Santa Fe
railn_646,Santa Fe,0.0,0.0,0.0,0.0,5.0,5.0,0.0,0.0,0.0,0.0,5.0,5.0,railn_746,Santa Fe
railn_674,Santa Fe,10996.4,0.0,0.0,0.0,200.0,11196.4,558.16,0.0,0.0,0.0,8.0,566.16,railn_746,Santa Fe
railn_905,Buenos Aires,0.0,0.0,0.0,1700.0,0.0,1700.0,0.0,0.0,0.0,1500.0,0.0,1500.0,railn_746,Santa Fe
railn_906,Buenos Aires,0.0,0.0,450.0,0.0,0.0,450.0,0.0,0.0,450.0,0.0,0.0,450.0,railn_765,Buenos Aires
railn_1289,Santa Fe,1022.0,0.0,0.0,0.0,0.0,1022.0,1022.0,0.0,0.0,0.0,0.0,1022.0,railn_766,Santiago del Estero
railn_1822,Buenos Aires,0.0,0.0,0.0,1660.08,0.0,1660.08,0.0,0.0,0.0,89.08,0.0,89.08,railn_784,Buenos Aires
railn_1939,Buenos Aires,0.0,0.0,0.0,1282.86,0.0,1282.86,0.0,0.0,0.0,1266.6,0.0,1266.6,railn_814,Buenos Aires
railn_273,Buenos Aires,0.0,701.82,775.24,140.31,10.0,1627.3700000000001,0.0,56.0,725.24,84.22,2.0,867.46,railn_86,Buenos Aires
railn_388,San Luis,0.0,0.0,0.0,575.8199999999999,47.2,623.02,0.0,0.0,0.0,258.48,1.0,259.48,railn_86,Buenos Aires
railn_429,Mendoza,0.0,0.0,150.0,365.0,0.0,515.0,0.0,0.0,150.0,359.0,0.0,509.0,railn_86,Buenos Aires
railn_1055,Tucumán,0.0,0.0,0.0,0.0,144.0,144.0,0.0,0.0,0.0,0.0,18.0,18.0,railn_881,Ciudad Autónoma de Buenos Aires
railn_1386,Santa Fe,0.0,0.0,0.0,1465.08,0.0,1465.08,0.0,0.0,0.0,1465.08,0.0,1465.08,railn_881,Ciudad Autónoma de Buenos Aires
railn_1712,Río Negro,0.0,0.0,1068.663,0.0,0.0,1068.663,0.0,0.0,320.604,0.0,0.0,320.604,railn_881,Ciudad Autónoma de Buenos Aires
railn_177,Buenos Aires,0.0,0.0,0.0,250.0,0.0,250.0,0.0,0.0,0.0,150.0,0.0,150.0,railn_881,Ciudad Autónoma de Buenos Aires
railn_179,Santa Fe,0.0,0.0,0.0,0.0,120.0,120.0,0.0,0.0,0.0,0.0,60.0,60.0,railn_881,Ciudad Autónoma de Buenos Aires
railn_1875,Córdoba,0.0,80.7,0.0,0.0,120.0,200.7,0.0,80.7,0.0,0.0,40.0,120.7,railn_881,Ciudad Autónoma de Buenos Aires
railn_1891,Córdoba,0.0,450.0,0.0,36.0,0.0,486.0,0.0,220.0,0.0,36.0,0.0,256.0,railn_881,Ciudad Autónoma de Buenos Aires
railn_1893,Córdoba,0.0,286.0,0.0,0.0,120.0,406.0,0.0,36.0,0.0,0.0,32.0,68.0,railn_881,Ciudad Autónoma de Buenos Aires
railn_19,Santa Fe,0.0,0.0,0.0,400.0,0.0,400.0,0.0,0.0,0.0,400.0,0.0,400.0,railn_881,Ciudad Autónoma de Buenos Aires
railn_1920,Buenos Aires,0.0,0.0,0.0,1250.0,0.0,1250.0,0.0,0.0,0.0,1250.0,0.0,1250.0,railn_881,Ciudad Autónoma de Buenos Aires
railn_1922,Buenos Aires,0.0,0.0,0.0,250.0,0.0,250.0,0.0,0.0,0.0,250.0,0.0,250.0,railn_881,Ciudad Autónoma de Buenos Aires
railn_1923,Buenos Aires,0.0,0.0,0.0,492.0,0.0,492.0,0.0,0.0,0.0,250.0,0.0,250.0,railn_881,Ciudad Autónoma de Buenos Aires
railn_1924,Buenos Aires,0.0,0.0,0.0,2000.38,0.0,2000.38,0.0,0.0,0.0,1673.3600000000001,0.0,1673.3600000000001,railn_881,Ciudad Autónoma de Buenos Aires
railn_1929,Santa Fe,0.0,0.0,0.0,250.0,0.0,250.0,0.0,0.0,0.0,150.0,0.0,150.0,railn_881,Ciudad Autónoma de Buenos Aires
railn_1939,Buenos Aires,0.0,0.0,0.0,1442.81,0.0,1442.81,0.0,0.0,0.0,1101.4099999999999,0.0,1101.4099999999999,railn_881,Ciudad Autónoma de Buenos Aires
railn_1949,Santa Fe,0.0,0.0,0.0,500.0,0.0,500.0,0.0,0.0,0.0,500.0,0.0,500.0,railn_881,Ciudad Autónoma de Buenos Aires
railn_2285,Santa Fe,1275.32,0.0,0.0,0.0,0.0,1275.32,891.54,0.0,0.0,0.0,0.0,891.54,railn_881,Ciudad Autónoma de Buenos Aires
railn_230,Santa Fe,0.0,0.0,0.0,200.0,0.0,200.0,0.0,0.0,0.0,200.0,0.0,200.0,railn_881,Ciudad Autónoma de Buenos Aires
railn_311,Buenos Aires,0.0,0.0,0.0,1000.0,0.0,1000.0,0.0,0.0,0.0,300.0,0.0,300.0,railn_881,Ciudad Autónoma de Buenos Aires
railn_71,Buenos Aires,0.0,0.0,0.0,500.0,0.0,500.0,0.0,0.0,0.0,50.0,0.0,50.0,railn_881,Ciudad Autónoma de Buenos Aires
railn_726,Buenos Aires,0.0,0.0,0.0,250.0,0.0,250.0,0.0,0.0,0.0,250.0,0.0,250.0,railn_881,Ciudad Autónoma de Buenos Aires
railn_746,Santa Fe,0.0,0.0,0.0,500.0,0.0,500.0,0.0,0.0,0.0,250.0,0.0,250.0,railn_881,Ciudad Autónoma de Buenos Aires
railn_902,Buenos Aires,0.0,0.0,0.0,1000.0,0.0,1000.0,0.0,0.0,0.0,500.0,0.0,500.0,railn_881,Ciudad Autónoma de Buenos Aires
railn_1710,Neuquén,0.0,0.0,0.0,1390.7,0.0,1390.7,0.0,0.0,0.0,191.85,0.0,191.85,railn_905,Buenos Aires
railn_273,Buenos Aires,0.0,0.0,450.0,315.0,0.0,765.0,0.0,0.0,450.0,270.0,0.0,720.0,railn_906,Buenos Aires
railn_2285,Santa Fe,6049.34,0.0,0.0,0.0,0.0,6049.34,5790.32,0.0,0.0,0.0,0.0,5790.32,railn_91,Buenos Aires
railn_1920,Buenos Aires,0.0,0.0,0.0,250.0,0.0,250.0,0.0,0.0,0.0,250.0,0.0,250.0,railn_920,Buenos Aires
railn_1949,Santa Fe,0.0,0.0,0.0,500.0,0.0,500.0,0.0,0.0,0.0,500.0,0.0,500.0,railn_920,Buenos Aires
railn_311,Buenos Aires,0.0,0.0,0.0,1000.0,0.0,1000.0,0.0,0.0,0.0,1000.0,0.0,1000.0,railn_920,Buenos Aires
railn_746,Santa Fe,0.0,0.0,0.0,250.0,0.0,250.0,0.0,0.0,0.0,250.0,0.0,250.0,railn_920,Buenos Aires
railn_1712,Río Negro,0.0,0.0,50.12,0.0,0.0,50.12,0.0,0.0,50.12,0.0,0.0,50.12,railn_923,Buenos Aires
railn_1712,Río Negro,100.0,0.0,13517.858999999999,0.0,0.0,13617.858999999999,50.0,0.0,54.036,0.0,0.0,104.036,railn_943,Ciudad Autónoma de Buenos Aires
railn_1714,Río Negro,50.0,650.0,744.0,0.0,0.0,1444.0,50.0,25.0,30.0,0.0,0.0,105.0,railn_943,Ciudad Autónoma de Buenos Aires
railn_1818,Buenos Aires,0.0,225.0,0.0,1890.0,0.0,2115.0,0.0,1.0,0.0,30.0,0.0,31.0,railn_943,Ciudad Autónoma de Buenos Aires
railn_1822,Buenos Aires,0.0,0.0,0.0,450.0,0.0,450.0,0.0,0.0,0.0,388.17,0.0,388.17,railn_943,Ciudad Autónoma de Buenos Aires
railn_1121,Salta,0.0,0.0,0.0,30.0,0.0,30.0,0.0,0.0,0.0,30.0,0.0,30.0,railn_944,Córdoba
railn_1289,Santa Fe,6279.5199999999995,0.0,0.0,0.0,0.0,6279.5199999999995,3049.24,0.0,0.0,0.0,0.0,3049.24,railn_95,Tucumán
railn_2285,Santa Fe,7560.84,0.0,0.0,0.0,0.0,7560.84,3409.54,0.0,0.0,0.0,0.0,3409.54,railn_95,Tucumán
railn_1939,Buenos Aires,0.0,0.0,1795.74,0.0,0.0,1795.74,0.0,0.0,268.32,0.0,0.0,268.32,railn_96,Córdoba
railn_646,Santa Fe,227.24,0.0,0.0,679.86,0.0,907.1,227.24,0.0,0.0,679.86,0.0,907.1,railn_98,Santa Fe
railn_674,Santa Fe,1292.8600000000001,0.0,0.0,100.0,2.0,1394.8600000000001,1292.8600000000001,0.0,0.0,100.0,2.0,1394.8600000000001,railn_98,Santa Fe
railn_1121,Salta,0.0,0.0,0.0,435.0,0.0,435.0,0.0,0.0,0.0,270.0,0.0,270.0,railn_995,Mendoza
railn_429,Mendoza,0.0,0.0,200.3,0.0,25.0,225.3,0.0,0.0,200.3,0.0,10.0,210.3,railn_995,Mendoza
