year,sector,region,region,gdp
2016,secD,Buenos_Aires,Buenos_Aires,1359.074041292346
2016,secD,Buenos_Aires,Catamarca,0.001321751210426524
2016,secD,Buenos_Aires,Chaco,0.002722883168105682
2016,secD,Buenos_Aires,Chubut,0.07254228671043571
2016,secD,Buenos_Aires,Ciudad_de_Buenos_Aires,32.55404131786932
2016,secD,Buenos_Aires,Corrientes,0.00515961084847333
2016,secD,Buenos_Aires,Cordoba,1.7538636263929073
2016,secD,Buenos_Aires,Entre_Rios,0.0721803337501676
2016,secD,Buenos_Aires,Formosa,0.0002775287325290156
2016,secD,Buenos_Aires,Jujuy,0.0016327038070034457
2016,secD,Buenos_Aires,La_Pampa,0.0022024375818193017
2016,secD,Buenos_Aires,La_Rioja,0.000724061701606772
2016,secD,Buenos_Aires,Mendoza,0.4020288374674866
2016,secD,Buenos_Aires,Misiones,0.04065243774587573
2016,secD,Buenos_Aires,Neuquen,0.05221647449168611
2016,secD,Buenos_Aires,Rio_Negro,0.01162258559399028
2016,secD,Buenos_Aires,Salta,0.02558136183390733
2016,secD,Buenos_Aires,San_Juan,0.00668364846391358
2016,secD,Buenos_Aires,San_Luis,0.013844217098437745
2016,secD,Buenos_Aires,Santa_Cruz,0.010331474679089367
2016,secD,Buenos_Aires,Santa_Fe,13.479381818144004
2016,secD,Buenos_Aires,Santiago_del_Estero,0.0023983331479653933
2016,secD,Buenos_Aires,Tierra_del_Fuego,0.003299585691090799
2016,secD,Buenos_Aires,Tucuman,0.022023342434517448
2016,secD,Catamarca,Buenos_Aires,0.019899107609083387
2016,secD,Catamarca,Catamarca,0.2476870697131063
2016,secD,Catamarca,Chaco,0.008291769904090765
2016,secD,Catamarca,Chubut,0.0002613144044140777
2016,secD,Catamarca,Ciudad_de_Buenos_Aires,0.004015707503398484
2016,secD,Catamarca,Corrientes,0.0004443236111474244
2016,secD,Catamarca,Cordoba,0.022513299833365683
2016,secD,Catamarca,Entre_Rios,0.0006261991429138435
2016,secD,Catamarca,Formosa,0.005363008924100106
2016,secD,Catamarca,Jujuy,0.017972017223326964
2016,secD,Catamarca,La_Pampa,6.720054107839313e-05
2016,secD,Catamarca,La_Rioja,0.023382168100830155
2016,secD,Catamarca,Mendoza,0.051322043006351466
2016,secD,Catamarca,Misiones,0.0012800627118212437
2016,secD,Catamarca,Neuquen,4.700105479971689e-05
2016,secD,Catamarca,Rio_Negro,8.659353378579112e-05
2016,secD,Catamarca,Salta,0.27872195708690134
2016,secD,Catamarca,San_Juan,0.0022934471218140065
2016,secD,Catamarca,San_Luis,0.00218940579126177
2016,secD,Catamarca,Santa_Cruz,1.6961250210332595e-05
2016,secD,Catamarca,Santa_Fe,0.012387812409444064
2016,secD,Catamarca,Santiago_del_Estero,0.059577221079092746
2016,secD,Catamarca,Tierra_del_Fuego,1.1648087493842874e-05
2016,secD,Catamarca,Tucuman,0.09990455260519025
2016,secD,Chaco,Buenos_Aires,0.48399211774692263
2016,secD,Chaco,Catamarca,7.24068191337148e-05
2016,secD,Chaco,Chaco,0.18266936682846993
2016,secD,Chaco,Chubut,0.005874078006303028
2016,secD,Chaco,Ciudad_de_Buenos_Aires,0.15122911181508797
2016,secD,Chaco,Corrientes,0.009801884055328385
2016,secD,Chaco,Cordoba,0.01214892192005032
2016,secD,Chaco,Entre_Rios,0.06667719261472232
2016,secD,Chaco,Formosa,0.002971990894865685
2016,secD,Chaco,Jujuy,0.0014170308111710894
2016,secD,Chaco,La_Pampa,3.021544920055097e-06
2016,secD,Chaco,La_Rioja,0.00424795840690746
2016,secD,Chaco,Mendoza,0.003335291376413683
2016,secD,Chaco,Misiones,0.037342675447489086
2016,secD,Chaco,Neuquen,7.671478595344859e-08
2016,secD,Chaco,Rio_Negro,2.605729628488938e-08
2016,secD,Chaco,Salta,0.001067161765557403
2016,secD,Chaco,San_Juan,0.0008203983655305415
2016,secD,Chaco,San_Luis,0.00434801527118063
2016,secD,Chaco,Santa_Cruz,2.0793580447142544e-08
2016,secD,Chaco,Santa_Fe,0.24817618899172975
2016,secD,Chaco,Santiago_del_Estero,0.005371225217403849
2016,secD,Chaco,Tierra_del_Fuego,0.00020357849859146867
2016,secD,Chaco,Tucuman,0.0030847240059329183
2016,secD,Chubut,Buenos_Aires,1.6041426869194093
2016,secD,Chubut,Catamarca,7.426705505302113e-05
2016,secD,Chubut,Chaco,0.0007620908356047833
2016,secD,Chubut,Chubut,3.1908200602630203
2016,secD,Chubut,Ciudad_de_Buenos_Aires,0.07904675133302146
2016,secD,Chubut,Corrientes,0.0024260252699692124
2016,secD,Chubut,Cordoba,0.044547634593514844
2016,secD,Chubut,Entre_Rios,0.007109022330771239
2016,secD,Chubut,Formosa,1.9798333734455984e-05
2016,secD,Chubut,Jujuy,0.00037869075762111883
2016,secD,Chubut,La_Pampa,0.01698841627158383
2016,secD,Chubut,La_Rioja,6.775064111588904e-06
2016,secD,Chubut,Mendoza,0.0074610420344260065
2016,secD,Chubut,Misiones,0.0011939743440926873
2016,secD,Chubut,Neuquen,0.011989275751264827
2016,secD,Chubut,Rio_Negro,0.06337034385002072
2016,secD,Chubut,Salta,0.0040496546611179015
2016,secD,Chubut,San_Juan,0.000488506816866468
2016,secD,Chubut,San_Luis,0.01847355466247801
2016,secD,Chubut,Santa_Cruz,0.3129053064309794
2016,secD,Chubut,Santa_Fe,0.4230657184062328
2016,secD,Chubut,Santiago_del_Estero,0.0001261264062249188
2016,secD,Chubut,Tierra_del_Fuego,0.06200837108548465
2016,secD,Chubut,Tucuman,0.0062252221204483526
2016,secD,Ciudad_de_Buenos_Aires,Buenos_Aires,243.9777766897525
2016,secD,Ciudad_de_Buenos_Aires,Catamarca,0.0017410359466536183
2016,secD,Ciudad_de_Buenos_Aires,Chaco,0.00670377044161969
2016,secD,Ciudad_de_Buenos_Aires,Chubut,0.02854194144868621
2016,secD,Ciudad_de_Buenos_Aires,Ciudad_de_Buenos_Aires,50.12299567074782
2016,secD,Ciudad_de_Buenos_Aires,Corrientes,0.007525026327110954
2016,secD,Ciudad_de_Buenos_Aires,Cordoba,1.7666372365690488
2016,secD,Ciudad_de_Buenos_Aires,Entre_Rios,0.07907517239293378
2016,secD,Ciudad_de_Buenos_Aires,Formosa,0.00023212160468176325
2016,secD,Ciudad_de_Buenos_Aires,Jujuy,0.0052069808390287275
2016,secD,Ciudad_de_Buenos_Aires,La_Pampa,0.0007876155350958919
2016,secD,Ciudad_de_Buenos_Aires,La_Rioja,0.0008754207744985336
2016,secD,Ciudad_de_Buenos_Aires,Mendoza,0.20541820586406995
2016,secD,Ciudad_de_Buenos_Aires,Misiones,0.10112655906229565
2016,secD,Ciudad_de_Buenos_Aires,Neuquen,0.04730280702101093
2016,secD,Ciudad_de_Buenos_Aires,Rio_Negro,0.020327133630117282
2016,secD,Ciudad_de_Buenos_Aires,Salta,0.026598498517830155
2016,secD,Ciudad_de_Buenos_Aires,San_Juan,0.002894197128065088
2016,secD,Ciudad_de_Buenos_Aires,San_Luis,0.007978749955008163
2016,secD,Ciudad_de_Buenos_Aires,Santa_Cruz,0.003025655161254499
2016,secD,Ciudad_de_Buenos_Aires,Santa_Fe,6.242850225724426
2016,secD,Ciudad_de_Buenos_Aires,Santiago_del_Estero,0.004171919108377608
2016,secD,Ciudad_de_Buenos_Aires,Tierra_del_Fuego,0.0013009229609446979
2016,secD,Ciudad_de_Buenos_Aires,Tucuman,0.010370683879592144
2016,secD,Corrientes,Buenos_Aires,0.03129176023785535
2016,secD,Corrientes,Catamarca,0.008862682707483315
2016,secD,Corrientes,Chaco,0.18924155245429938
2016,secD,Corrientes,Chubut,0.002196223240028453
2016,secD,Corrientes,Ciudad_de_Buenos_Aires,0.0011857751530031779
2016,secD,Corrientes,Corrientes,0.47186170260078414
2016,secD,Corrientes,Cordoba,0.009893295883650286
2016,secD,Corrientes,Entre_Rios,0.0606308574815482
2016,secD,Corrientes,Formosa,0.0003531703540625563
2016,secD,Corrientes,Jujuy,9.223176416894263e-05
2016,secD,Corrientes,La_Pampa,8.924414812546369e-05
2016,secD,Corrientes,La_Rioja,1.8562295046667458e-06
2016,secD,Corrientes,Mendoza,0.006088500882763513
2016,secD,Corrientes,Misiones,0.05627027407999605
2016,secD,Corrientes,Neuquen,1.003450837022594e-05
2016,secD,Corrientes,Rio_Negro,0.0012999551252017463
2016,secD,Corrientes,Salta,0.00029212411004428895
2016,secD,Corrientes,San_Juan,0.0010196473059305403
2016,secD,Corrientes,San_Luis,0.003238976294827064
2016,secD,Corrientes,Santa_Cruz,0.00020467649247910702
2016,secD,Corrientes,Santa_Fe,0.020185945084072246
2016,secD,Corrientes,Santiago_del_Estero,0.000589190690984855
2016,secD,Corrientes,Tierra_del_Fuego,0.00011260112015654125
2016,secD,Corrientes,Tucuman,9.185616369987684e-05
2016,secD,Cordoba,Buenos_Aires,6.0629765682408
2016,secD,Cordoba,Catamarca,0.004367722307300476
2016,secD,Cordoba,Chaco,0.014275871281539402
2016,secD,Cordoba,Chubut,0.011749129696626351
2016,secD,Cordoba,Ciudad_de_Buenos_Aires,1.141965701505887
2016,secD,Cordoba,Corrientes,0.005550770177935254
2016,secD,Cordoba,Cordoba,34.07565583203347
2016,secD,Cordoba,Entre_Rios,0.20428327683031797
2016,secD,Cordoba,Formosa,0.0012919274077906012
2016,secD,Cordoba,Jujuy,0.0064237562823578585
2016,secD,Cordoba,La_Pampa,0.0028311163635113615
2016,secD,Cordoba,La_Rioja,0.004857546754927286
2016,secD,Cordoba,Mendoza,1.4271396457811938
2016,secD,Cordoba,Misiones,0.034300608150985845
2016,secD,Cordoba,Neuquen,0.0407957611971833
2016,secD,Cordoba,Rio_Negro,0.0024623205501076995
2016,secD,Cordoba,Salta,0.039263060307844835
2016,secD,Cordoba,San_Juan,0.01010211061215256
2016,secD,Cordoba,San_Luis,0.027862051942300677
2016,secD,Cordoba,Santa_Cruz,0.0010875425160625412
2016,secD,Cordoba,Santa_Fe,29.389282604545016
2016,secD,Cordoba,Santiago_del_Estero,0.0031001270815374325
2016,secD,Cordoba,Tierra_del_Fuego,0.00862141573658196
2016,secD,Cordoba,Tucuman,0.05366806248461077
2016,secD,Entre_Rios,Buenos_Aires,1.0468610354172756
2016,secD,Entre_Rios,Catamarca,0.0008703815657198873
2016,secD,Entre_Rios,Chaco,0.007515296638641448
2016,secD,Entre_Rios,Chubut,0.012065923624675227
2016,secD,Entre_Rios,Ciudad_de_Buenos_Aires,0.11207008409108567
2016,secD,Entre_Rios,Corrientes,0.050052200698743256
2016,secD,Entre_Rios,Cordoba,0.06794685941411956
2016,secD,Entre_Rios,Entre_Rios,3.0537204080504545
2016,secD,Entre_Rios,Formosa,0.00027126428532643594
2016,secD,Entre_Rios,Jujuy,0.008400429020486417
2016,secD,Entre_Rios,La_Pampa,0.0005442645248350268
2016,secD,Entre_Rios,La_Rioja,0.0004141176944996167
2016,secD,Entre_Rios,Mendoza,0.024256180390217468
2016,secD,Entre_Rios,Misiones,0.17767474463901972
2016,secD,Entre_Rios,Neuquen,0.003773864019412588
2016,secD,Entre_Rios,Rio_Negro,0.002956139130621351
2016,secD,Entre_Rios,Salta,0.05764651760903086
2016,secD,Entre_Rios,San_Juan,0.0025589722895281485
2016,secD,Entre_Rios,San_Luis,0.0016057905638973949
2016,secD,Entre_Rios,Santa_Cruz,0.001814739209227797
2016,secD,Entre_Rios,Santa_Fe,1.1192251708558107
2016,secD,Entre_Rios,Santiago_del_Estero,0.0054915285877994964
2016,secD,Entre_Rios,Tierra_del_Fuego,0.0004428422331863867
2016,secD,Entre_Rios,Tucuman,0.009483493834372237
2016,secD,Formosa,Buenos_Aires,0.02378084207932456
2016,secD,Formosa,Catamarca,3.788248585160866e-06
2016,secD,Formosa,Chaco,0.007744379503004285
2016,secD,Formosa,Chubut,0.0
2016,secD,Formosa,Ciudad_de_Buenos_Aires,0.006583030206616244
2016,secD,Formosa,Corrientes,0.00618283082125977
2016,secD,Formosa,Cordoba,0.00027887862163665516
2016,secD,Formosa,Entre_Rios,0.02111073133442901
2016,secD,Formosa,Formosa,0.06983174095910147
2016,secD,Formosa,Jujuy,0.0
2016,secD,Formosa,La_Pampa,5.889241473107028e-05
2016,secD,Formosa,La_Rioja,0.0
2016,secD,Formosa,Mendoza,7.878723329798127e-06
2016,secD,Formosa,Misiones,0.029045128678366647
2016,secD,Formosa,Neuquen,0.0
2016,secD,Formosa,Rio_Negro,0.0
2016,secD,Formosa,Salta,0.0004530448292488776
2016,secD,Formosa,San_Juan,0.0
2016,secD,Formosa,San_Luis,0.0
2016,secD,Formosa,Santa_Cruz,0.0
2016,secD,Formosa,Santa_Fe,0.014486709591610034
2016,secD,Formosa,Santiago_del_Estero,0.0
2016,secD,Formosa,Tierra_del_Fuego,0.0
2016,secD,Formosa,Tucuman,0.0008541210887564114
2016,secD,Jujuy,Buenos_Aires,0.10814298823298633
2016,secD,Jujuy,Catamarca,0.01937216232255674
2016,secD,Jujuy,Chaco,0.007332306908350126
2016,secD,Jujuy,Chubut,0.0006895287307972636
2016,secD,Jujuy,Ciudad_de_Buenos_Aires,0.040109639844555525
2016,secD,Jujuy,Corrientes,0.004854455781530737
2016,secD,Jujuy,Cordoba,0.0017777082039802576
2016,secD,Jujuy,Entre_Rios,0.0027870990167132453
2016,secD,Jujuy,Formosa,0.0010599143975920623
2016,secD,Jujuy,Jujuy,0.2974447702219777
2016,secD,Jujuy,La_Pampa,3.2374315430481165e-05
2016,secD,Jujuy,La_Rioja,0.06690042477014502
2016,secD,Jujuy,Mendoza,0.004023727600563809
2016,secD,Jujuy,Misiones,0.005112574673094051
2016,secD,Jujuy,Neuquen,0.0001452478188010479
2016,secD,Jujuy,Rio_Negro,8.214963788151535e-05
2016,secD,Jujuy,Salta,0.10108226208569815
2016,secD,Jujuy,San_Juan,0.011315616683553352
2016,secD,Jujuy,San_Luis,0.00022650276580895359
2016,secD,Jujuy,Santa_Cruz,3.830923631148189e-05
2016,secD,Jujuy,Santa_Fe,0.01298343808935235
2016,secD,Jujuy,Santiago_del_Estero,0.00042779055706985823
2016,secD,Jujuy,Tierra_del_Fuego,2.7681257525788425e-05
2016,secD,Jujuy,Tucuman,0.008095542131985399
2016,secD,La_Pampa,Buenos_Aires,0.2629979296922893
2016,secD,La_Pampa,Catamarca,1.5333079653116968e-05
2016,secD,La_Pampa,Chaco,0.0013055508827429882
2016,secD,La_Pampa,Chubut,0.003392984773494522
2016,secD,La_Pampa,Ciudad_de_Buenos_Aires,0.004901436003825482
2016,secD,La_Pampa,Corrientes,0.0006201543652384481
2016,secD,La_Pampa,Cordoba,0.03083851300548651
2016,secD,La_Pampa,Entre_Rios,0.00410637245169895
2016,secD,La_Pampa,Formosa,0.00012373318618761855
2016,secD,La_Pampa,Jujuy,0.0
2016,secD,La_Pampa,La_Pampa,0.19575631773637847
2016,secD,La_Pampa,La_Rioja,5.569176675550455e-06
2016,secD,La_Pampa,Mendoza,0.057214424500347555
2016,secD,La_Pampa,Misiones,0.00018079284038711608
2016,secD,La_Pampa,Neuquen,0.013183719337116083
2016,secD,La_Pampa,Rio_Negro,0.0019395741822352734
2016,secD,La_Pampa,Salta,0.00013777592691199996
2016,secD,La_Pampa,San_Juan,0.00020666832616732082
2016,secD,La_Pampa,San_Luis,0.0057690937842364
2016,secD,La_Pampa,Santa_Cruz,0.00041834482828988527
2016,secD,La_Pampa,Santa_Fe,0.07529656767263758
2016,secD,La_Pampa,Santiago_del_Estero,0.0
2016,secD,La_Pampa,Tierra_del_Fuego,0.0012429864832160197
2016,secD,La_Pampa,Tucuman,0.00034222841702943326
2016,secD,La_Rioja,Buenos_Aires,0.0004417709994269523
2016,secD,La_Rioja,Catamarca,0.07447885144507534
2016,secD,La_Rioja,Chaco,0.10260718032062187
2016,secD,La_Rioja,Chubut,1.6558265599234137e-05
2016,secD,La_Rioja,Ciudad_de_Buenos_Aires,2.616767396454375e-05
2016,secD,La_Rioja,Corrientes,0.05552301826111469
2016,secD,La_Rioja,Cordoba,0.014999051657797026
2016,secD,La_Rioja,Entre_Rios,1.5579399456179005e-05
2016,secD,La_Rioja,Formosa,0.008855798272725604
2016,secD,La_Rioja,Jujuy,0.02539744634945016
2016,secD,La_Rioja,La_Pampa,1.1413284393064781e-07
2016,secD,La_Rioja,La_Rioja,0.06372377225538987
2016,secD,La_Rioja,Mendoza,0.010643839324551858
2016,secD,La_Rioja,Misiones,0.0012138455651317399
2016,secD,La_Rioja,Neuquen,2.659962345258497e-07
2016,secD,La_Rioja,Rio_Negro,1.329981172629248e-07
2016,secD,La_Rioja,Salta,0.0669173377102543
2016,secD,La_Rioja,San_Juan,0.0064264690261445325
2016,secD,La_Rioja,San_Luis,6.6126663903126175e-06
2016,secD,La_Rioja,Santa_Cruz,0.0
2016,secD,La_Rioja,Santa_Fe,0.0004596301952746974
2016,secD,La_Rioja,Santiago_del_Estero,0.08439152256712328
2016,secD,La_Rioja,Tierra_del_Fuego,3.9899435178877445e-07
2016,secD,La_Rioja,Tucuman,0.2149540840845676
2016,secD,Mendoza,Buenos_Aires,14.819274324396002
2016,secD,Mendoza,Catamarca,0.003696833950656025
2016,secD,Mendoza,Chaco,0.005367883304259464
2016,secD,Mendoza,Chubut,0.025445426544399737
2016,secD,Mendoza,Ciudad_de_Buenos_Aires,3.41996985693737
2016,secD,Mendoza,Corrientes,0.0026192212105655074
2016,secD,Mendoza,Cordoba,0.6324400071526863
2016,secD,Mendoza,Entre_Rios,0.03381540237318246
2016,secD,Mendoza,Formosa,0.00022862109311337894
2016,secD,Mendoza,Jujuy,0.00140197556017069
2016,secD,Mendoza,La_Pampa,0.010353116648941212
2016,secD,Mendoza,La_Rioja,0.003266900706070602
2016,secD,Mendoza,Mendoza,4.701078229306692
2016,secD,Mendoza,Misiones,0.005674142231128687
2016,secD,Mendoza,Neuquen,0.13510457305944634
2016,secD,Mendoza,Rio_Negro,0.01409110974731485
2016,secD,Mendoza,Salta,0.01442463381257259
2016,secD,Mendoza,San_Juan,0.04384668853318756
2016,secD,Mendoza,San_Luis,0.11353448340006189
2016,secD,Mendoza,Santa_Cruz,0.004098589098188467
2016,secD,Mendoza,Santa_Fe,0.6473024150089962
2016,secD,Mendoza,Santiago_del_Estero,0.011292246666874322
2016,secD,Mendoza,Tierra_del_Fuego,0.00132147134892235
2016,secD,Mendoza,Tucuman,0.016730766313985262
2016,secD,Misiones,Buenos_Aires,0.5340521182533501
2016,secD,Misiones,Catamarca,0.005203022116569943
2016,secD,Misiones,Chaco,0.035079591872189946
2016,secD,Misiones,Chubut,0.00865720412972267
2016,secD,Misiones,Ciudad_de_Buenos_Aires,0.10464216517434405
2016,secD,Misiones,Corrientes,0.03837625706211609
2016,secD,Misiones,Cordoba,0.12572264680820094
2016,secD,Misiones,Entre_Rios,0.08334551619338099
2016,secD,Misiones,Formosa,0.004908172721697193
2016,secD,Misiones,Jujuy,0.007382624413596186
2016,secD,Misiones,La_Pampa,0.0032295134803414292
2016,secD,Misiones,La_Rioja,0.003958615458827092
2016,secD,Misiones,Mendoza,0.05125339458764127
2016,secD,Misiones,Misiones,0.3076796762299379
2016,secD,Misiones,Neuquen,0.015224109683471512
2016,secD,Misiones,Rio_Negro,0.004332150963028834
2016,secD,Misiones,Salta,0.059297042804024785
2016,secD,Misiones,San_Juan,0.01337886596463358
2016,secD,Misiones,San_Luis,0.011260232656645833
2016,secD,Misiones,Santa_Cruz,0.00360597136942841
2016,secD,Misiones,Santa_Fe,0.13326160943163684
2016,secD,Misiones,Santiago_del_Estero,0.014428673564140746
2016,secD,Misiones,Tierra_del_Fuego,0.002332011321301605
2016,secD,Misiones,Tucuman,0.03927398841229249
2016,secD,Neuquen,Buenos_Aires,3.7902689361799453
2016,secD,Neuquen,Catamarca,0.005866153991703075
2016,secD,Neuquen,Chaco,0.008229157725247148
2016,secD,Neuquen,Chubut,0.2361709894688373
2016,secD,Neuquen,Ciudad_de_Buenos_Aires,0.7833190003236578
2016,secD,Neuquen,Corrientes,0.007422264818413732
2016,secD,Neuquen,Cordoba,0.43079992909363146
2016,secD,Neuquen,Entre_Rios,0.10553428351213867
2016,secD,Neuquen,Formosa,0.00052531255013168
2016,secD,Neuquen,Jujuy,0.0031099370944302823
2016,secD,Neuquen,La_Pampa,0.0035219586461387713
2016,secD,Neuquen,La_Rioja,0.003178138881967859
2016,secD,Neuquen,Mendoza,0.2954084412908723
2016,secD,Neuquen,Misiones,0.01461800281679461
2016,secD,Neuquen,Neuquen,1.6277976807890389
2016,secD,Neuquen,Rio_Negro,0.040808934417167674
2016,secD,Neuquen,Salta,0.021461001953834796
2016,secD,Neuquen,San_Juan,0.01065524139578334
2016,secD,Neuquen,San_Luis,0.02715166963323864
2016,secD,Neuquen,Santa_Cruz,0.013137789610378335
2016,secD,Neuquen,Santa_Fe,0.4598870393286793
2016,secD,Neuquen,Santiago_del_Estero,0.0067024438427309525
2016,secD,Neuquen,Tierra_del_Fuego,0.005197878564905488
2016,secD,Neuquen,Tucuman,0.035675250518978734
2016,secD,Rio_Negro,Buenos_Aires,0.5830630686177145
2016,secD,Rio_Negro,Catamarca,0.00449441512710492
2016,secD,Rio_Negro,Chaco,0.00032944006443598554
2016,secD,Rio_Negro,Chubut,0.28384274216204036
2016,secD,Rio_Negro,Ciudad_de_Buenos_Aires,0.08915859266947285
2016,secD,Rio_Negro,Corrientes,0.0003683766582164997
2016,secD,Rio_Negro,Cordoba,0.026571022397640108
2016,secD,Rio_Negro,Entre_Rios,0.00260591464741613
2016,secD,Rio_Negro,Formosa,3.12621352061502e-05
2016,secD,Rio_Negro,Jujuy,0.0025076858837356562
2016,secD,Rio_Negro,La_Pampa,0.0007453206975430676
2016,secD,Rio_Negro,La_Rioja,4.846947267405601e-05
2016,secD,Rio_Negro,Mendoza,0.014424996342763107
2016,secD,Rio_Negro,Misiones,0.00040186021797853293
2016,secD,Rio_Negro,Neuquen,0.06193966725933062
2016,secD,Rio_Negro,Rio_Negro,0.33246948627074296
2016,secD,Rio_Negro,Salta,0.0005844737640227208
2016,secD,Rio_Negro,San_Juan,0.0013638874823612619
2016,secD,Rio_Negro,San_Luis,0.008151910037501644
2016,secD,Rio_Negro,Santa_Cruz,0.05789204663374103
2016,secD,Rio_Negro,Santa_Fe,0.026294156488219353
2016,secD,Rio_Negro,Santiago_del_Estero,0.000309703033015783
2016,secD,Rio_Negro,Tierra_del_Fuego,0.010308340865450375
2016,secD,Rio_Negro,Tucuman,0.0018641462649468799
2016,secD,Salta,Buenos_Aires,0.2307192559026664
2016,secD,Salta,Catamarca,0.00691398805898485
2016,secD,Salta,Chaco,0.016296434816804078
2016,secD,Salta,Chubut,0.0008034391501757115
2016,secD,Salta,Ciudad_de_Buenos_Aires,0.04650623818690866
2016,secD,Salta,Corrientes,0.01743248476219893
2016,secD,Salta,Cordoba,0.026613484681360138
2016,secD,Salta,Entre_Rios,0.031038036704668596
2016,secD,Salta,Formosa,0.0014072739724297718
2016,secD,Salta,Jujuy,0.05736911854565535
2016,secD,Salta,La_Pampa,9.608633941728054e-05
2016,secD,Salta,La_Rioja,0.0011119445592055915
2016,secD,Salta,Mendoza,0.2303772618516764
2016,secD,Salta,Misiones,0.04185281119838101
2016,secD,Salta,Neuquen,0.001091913920841909
2016,secD,Salta,Rio_Negro,0.00021596891007517874
2016,secD,Salta,Salta,1.2692615923020365
2016,secD,Salta,San_Juan,0.0011398759856542928
2016,secD,Salta,San_Luis,0.0018704120438794083
2016,secD,Salta,Santa_Cruz,0.0002563182252540222
2016,secD,Salta,Santa_Fe,0.39306905111634177
2016,secD,Salta,Santiago_del_Estero,0.03176322864964612
2016,secD,Salta,Tierra_del_Fuego,0.00012791593000321188
2016,secD,Salta,Tucuman,0.3732245039175725
2016,secD,San_Juan,Buenos_Aires,0.1147755505651635
2016,secD,San_Juan,Catamarca,0.00810516129083623
2016,secD,San_Juan,Chaco,0.004037409373565629
2016,secD,San_Juan,Chubut,0.03079686009328816
2016,secD,San_Juan,Ciudad_de_Buenos_Aires,0.015412985825700125
2016,secD,San_Juan,Corrientes,0.0023793480435608436
2016,secD,San_Juan,Cordoba,0.02798511790404701
2016,secD,San_Juan,Entre_Rios,0.0046268164327808205
2016,secD,San_Juan,Formosa,0.001680209954024814
2016,secD,San_Juan,Jujuy,0.0035281902503491204
2016,secD,San_Juan,La_Pampa,0.012905605909232943
2016,secD,San_Juan,La_Rioja,0.00653710307876529
2016,secD,San_Juan,Mendoza,0.21440302979638778
2016,secD,San_Juan,Misiones,0.004190814121070172
2016,secD,San_Juan,Neuquen,0.3711581457486514
2016,secD,San_Juan,Rio_Negro,0.03961172134390171
2016,secD,San_Juan,Salta,0.08670642713700469
2016,secD,San_Juan,San_Juan,0.2532869537413482
2016,secD,San_Juan,San_Luis,0.09532299668031893
2016,secD,San_Juan,Santa_Cruz,0.0010069492239703126
2016,secD,San_Juan,Santa_Fe,0.02218724636095802
2016,secD,San_Juan,Santiago_del_Estero,0.002637508771109994
2016,secD,San_Juan,Tierra_del_Fuego,0.00041652161011602177
2016,secD,San_Juan,Tucuman,0.009385082650836
2016,secD,San_Luis,Buenos_Aires,0.22225190496069877
2016,secD,San_Luis,Catamarca,6.12102514302018e-05
2016,secD,San_Luis,Chaco,0.000466459836992187
2016,secD,San_Luis,Chubut,0.0037308412356587815
2016,secD,San_Luis,Ciudad_de_Buenos_Aires,0.012424436393403775
2016,secD,San_Luis,Corrientes,0.0007321343696266213
2016,secD,San_Luis,Cordoba,0.8170758673105216
2016,secD,San_Luis,Entre_Rios,0.002672460913454538
2016,secD,San_Luis,Formosa,4.495326487137377e-06
2016,secD,San_Luis,Jujuy,9.333297896401515e-05
2016,secD,San_Luis,La_Pampa,0.016921400135945144
2016,secD,San_Luis,La_Rioja,0.004720727481953996
2016,secD,San_Luis,Mendoza,0.823365483886811
2016,secD,San_Luis,Misiones,8.53120301995789e-05
2016,secD,San_Luis,Neuquen,0.0
2016,secD,San_Luis,Rio_Negro,0.0
2016,secD,San_Luis,Salta,0.00020152535078882256
2016,secD,San_Luis,San_Juan,0.009230351240560227
2016,secD,San_Luis,San_Luis,1.60482419033459
2016,secD,San_Luis,Santa_Cruz,0.00021687498783722224
2016,secD,San_Luis,Santa_Fe,0.6214767026208223
2016,secD,San_Luis,Santiago_del_Estero,0.0017152912664522744
2016,secD,San_Luis,Tierra_del_Fuego,0.0004785014262853642
2016,secD,San_Luis,Tucuman,0.0036126870426409115
2016,secD,Santa_Cruz,Buenos_Aires,0.7897923115339894
2016,secD,Santa_Cruz,Catamarca,0.002688503597239837
2016,secD,Santa_Cruz,Chaco,0.0006035195198306727
2016,secD,Santa_Cruz,Chubut,0.017560460502399466
2016,secD,Santa_Cruz,Ciudad_de_Buenos_Aires,0.06499983024054821
2016,secD,Santa_Cruz,Corrientes,0.0003315840837057575
2016,secD,Santa_Cruz,Cordoba,0.01126505375985989
2016,secD,Santa_Cruz,Entre_Rios,0.00358342621136582
2016,secD,Santa_Cruz,Formosa,3.747792222219931e-05
2016,secD,Santa_Cruz,Jujuy,0.00392021339610834
2016,secD,Santa_Cruz,La_Pampa,7.721974670214375e-05
2016,secD,Santa_Cruz,La_Rioja,9.86430685854427e-05
2016,secD,Santa_Cruz,Mendoza,0.007195920361455818
2016,secD,Santa_Cruz,Misiones,0.0007890096477553646
2016,secD,Santa_Cruz,Neuquen,0.009275209712425138
2016,secD,Santa_Cruz,Rio_Negro,0.0061814905162023885
2016,secD,Santa_Cruz,Salta,0.0029057410676837005
2016,secD,Santa_Cruz,San_Juan,0.00069105074371024
2016,secD,Santa_Cruz,San_Luis,0.06107320265809105
2016,secD,Santa_Cruz,Santa_Cruz,0.4635678901335164
2016,secD,Santa_Cruz,Santa_Fe,0.24875911264347617
2016,secD,Santa_Cruz,Santiago_del_Estero,0.001706249699021592
2016,secD,Santa_Cruz,Tierra_del_Fuego,0.02593287496143773
2016,secD,Santa_Cruz,Tucuman,0.002116137516682696
2016,secD,Santa_Fe,Buenos_Aires,13.093795939496214
2016,secD,Santa_Fe,Catamarca,0.0013883454143598804
2016,secD,Santa_Fe,Chaco,0.019396279334378007
2016,secD,Santa_Fe,Chubut,0.010381375459543466
2016,secD,Santa_Fe,Ciudad_de_Buenos_Aires,2.538500649788183
2016,secD,Santa_Fe,Corrientes,0.004344247971564388
2016,secD,Santa_Fe,Cordoba,1.785867576899728
2016,secD,Santa_Fe,Entre_Rios,0.16134641581688774
2016,secD,Santa_Fe,Formosa,0.00047225887269889094
2016,secD,Santa_Fe,Jujuy,0.024773878008728906
2016,secD,Santa_Fe,La_Pampa,0.00016123254929035618
2016,secD,Santa_Fe,La_Rioja,0.00017993036357510678
2016,secD,Santa_Fe,Mendoza,0.06956269528588332
2016,secD,Santa_Fe,Misiones,0.01592886143762126
2016,secD,Santa_Fe,Neuquen,0.00918072482501706
2016,secD,Santa_Fe,Rio_Negro,0.000605161399972182
2016,secD,Santa_Fe,Salta,0.06612939943813935
2016,secD,Santa_Fe,San_Juan,0.0005226078239842928
2016,secD,Santa_Fe,San_Luis,0.024318210980737335
2016,secD,Santa_Fe,Santa_Cruz,0.0004368912126436082
2016,secD,Santa_Fe,Santa_Fe,108.01952067726155
2016,secD,Santa_Fe,Santiago_del_Estero,0.010395724025704099
2016,secD,Santa_Fe,Tierra_del_Fuego,0.00022147312949645978
2016,secD,Santa_Fe,Tucuman,0.029564514709906488
2016,secD,Santiago_del_Estero,Buenos_Aires,0.12750126496419675
2016,secD,Santiago_del_Estero,Catamarca,0.0011447804442157841
2016,secD,Santiago_del_Estero,Chaco,0.015261792926395892
2016,secD,Santiago_del_Estero,Chubut,1.4093504467217915e-05
2016,secD,Santiago_del_Estero,Ciudad_de_Buenos_Aires,0.02190102250966361
2016,secD,Santiago_del_Estero,Corrientes,2.2987933878329464e-05
2016,secD,Santiago_del_Estero,Cordoba,0.06874060147251781
2016,secD,Santiago_del_Estero,Entre_Rios,0.0760307489664039
2016,secD,Santiago_del_Estero,Formosa,1.7109310671579944e-06
2016,secD,Santiago_del_Estero,Jujuy,0.02364474207853504
2016,secD,Santiago_del_Estero,La_Pampa,5.686061635440523e-06
2016,secD,Santiago_del_Estero,La_Rioja,2.9686681316939654e-06
2016,secD,Santiago_del_Estero,Mendoza,0.007575044928114499
2016,secD,Santiago_del_Estero,Misiones,0.001285423704672087
2016,secD,Santiago_del_Estero,Neuquen,0.0
2016,secD,Santiago_del_Estero,Rio_Negro,0.0
2016,secD,Santiago_del_Estero,Salta,0.04148794370865205
2016,secD,Santiago_del_Estero,San_Juan,0.0
2016,secD,Santiago_del_Estero,San_Luis,2.7477291144251463e-05
2016,secD,Santiago_del_Estero,Santa_Cruz,0.0
2016,secD,Santiago_del_Estero,Santa_Fe,0.3494179460279661
2016,secD,Santiago_del_Estero,Santiago_del_Estero,0.13687542421729532
2016,secD,Santiago_del_Estero,Tierra_del_Fuego,0.0
2016,secD,Santiago_del_Estero,Tucuman,0.016502760752526966
2016,secD,Tierra_del_Fuego,Buenos_Aires,0.332391323936238
2016,secD,Tierra_del_Fuego,Catamarca,0.005753444336699585
2016,secD,Tierra_del_Fuego,Chaco,0.006516075540137466
2016,secD,Tierra_del_Fuego,Chubut,0.23878369034147
2016,secD,Tierra_del_Fuego,Ciudad_de_Buenos_Aires,0.03129334788212761
2016,secD,Tierra_del_Fuego,Corrientes,0.003918719819508619
2016,secD,Tierra_del_Fuego,Cordoba,0.07300108654309309
2016,secD,Tierra_del_Fuego,Entre_Rios,0.00983295294074299
2016,secD,Tierra_del_Fuego,Formosa,0.0009077710107642184
2016,secD,Tierra_del_Fuego,Jujuy,0.010305976584516473
2016,secD,Tierra_del_Fuego,La_Pampa,0.0011402672267756728
2016,secD,Tierra_del_Fuego,La_Rioja,0.005941778084899151
2016,secD,Tierra_del_Fuego,Mendoza,0.05801195502527539
2016,secD,Tierra_del_Fuego,Misiones,0.0062483123963431
2016,secD,Tierra_del_Fuego,Neuquen,0.011992274011041361
2016,secD,Tierra_del_Fuego,Rio_Negro,0.019422213755886923
2016,secD,Tierra_del_Fuego,Salta,0.006837184200170313
2016,secD,Tierra_del_Fuego,San_Juan,0.019552370753804907
2016,secD,Tierra_del_Fuego,San_Luis,0.00291561515002018
2016,secD,Tierra_del_Fuego,Santa_Cruz,0.11327392718892093
2016,secD,Tierra_del_Fuego,Santa_Fe,0.11044015844502024
2016,secD,Tierra_del_Fuego,Santiago_del_Estero,0.0036959638291266424
2016,secD,Tierra_del_Fuego,Tierra_del_Fuego,0.12383199604573626
2016,secD,Tierra_del_Fuego,Tucuman,0.009176568129870805
2016,secD,Tucuman,Buenos_Aires,0.32160958011369023
2016,secD,Tucuman,Catamarca,0.058067169401079886
2016,secD,Tucuman,Chaco,0.0014724071752147561
2016,secD,Tucuman,Chubut,0.01207109020974907
2016,secD,Tucuman,Ciudad_de_Buenos_Aires,0.059673973788969735
2016,secD,Tucuman,Corrientes,0.0016822074371893282
2016,secD,Tucuman,Cordoba,0.09152580536894439
2016,secD,Tucuman,Entre_Rios,0.014933756952296259
2016,secD,Tucuman,Formosa,1.8836798918523602e-05
2016,secD,Tucuman,Jujuy,0.09057879597958696
2016,secD,Tucuman,La_Pampa,0.0015496745096758538
2016,secD,Tucuman,La_Rioja,0.0036102278263969627
2016,secD,Tucuman,Mendoza,0.07297184531143697
2016,secD,Tucuman,Misiones,0.0052334657529911
2016,secD,Tucuman,Neuquen,0.013273725434692423
2016,secD,Tucuman,Rio_Negro,0.007260136783456008
2016,secD,Tucuman,Salta,0.34593229691740063
2016,secD,Tucuman,San_Juan,0.0067561056529864445
2016,secD,Tucuman,San_Luis,0.08350805196181499
2016,secD,Tucuman,Santa_Cruz,0.003543785939401217
2016,secD,Tucuman,Santa_Fe,0.694146173704584
2016,secD,Tucuman,Santiago_del_Estero,0.022660726073655255
2016,secD,Tucuman,Tierra_del_Fuego,0.0011571964220066767
2016,secD,Tucuman,Tucuman,0.6910136933882941
